eas-shared-compute-01.eas.cornell.edu
Fri May 15 15:39:34 2026       
+-----------------------------------------------------------------------------------------+
| NVIDIA-SMI 580.65.06              Driver Version: 580.65.06      CUDA Version: 13.0     |
+-----------------------------------------+------------------------+----------------------+
| GPU  Name                 Persistence-M | Bus-Id          Disp.A | Volatile Uncorr. ECC |
| Fan  Temp   Perf          Pwr:Usage/Cap |           Memory-Usage | GPU-Util  Compute M. |
|                                         |                        |               MIG M. |
|=========================================+========================+======================|
|   0  NVIDIA L40S                    On  |   00000000:E1:00.0 Off |                    0 |
| N/A   30C    P8             36W /  350W |       0MiB /  46068MiB |      0%      Default |
|                                         |                        |                  N/A |
+-----------------------------------------+------------------------+----------------------+

+-----------------------------------------------------------------------------------------+
| Processes:                                                                              |
|  GPU   GI   CI              PID   Type   Process name                        GPU Memory |
|        ID   ID                                                               Usage      |
|=========================================================================================|
|  No running processes found                                                             |
+-----------------------------------------------------------------------------------------+
Warp DeprecationWarning: The namespace `warp.context` will soon be removed from the public API. It can still be accessed from `warp._src.context` but might be changed or removed without notice.
Warp DeprecationWarning: The symbol `warp.context.Module` will soon be removed from the public API. Use `warp.Module` instead.
Warp DeprecationWarning: The symbol `warp.context.get_module` will soon be removed from the public API. Use `warp.get_module` instead.
Warp DeprecationWarning: The namespace `warp.math` will soon be removed from the public API. It can still be accessed from `warp._src.math` but might be changed or removed without notice.
Warp 1.11.0 initialized:
   CUDA Toolkit 12.9, Driver 13.0
   Devices:
     "cpu"      : "x86_64"
     "cuda:0"   : "NVIDIA L40S" (44 GiB, sm_89, mempool enabled)
   Kernel cache:
     /home/nl455/.cache/warp/1.11.0
2026-05-15 15:39:45.410 | WARNING  | spider.config:process_config:261 - task_info.json not found at /share/culbertson/nl455/spider/example_datasets/processed/custom/leap/right/screwdriver/0/../task_info.json, using default values
2026-05-15 15:39:45.415 | WARNING  | spider.io:load_data:53 - ctrl data not found, using 'qpos' as a initial guess for control.
2026-05-15 15:39:48.482 | INFO     | spider.viewers:setup_viewer:85 - viewer is set to rerun, build and log scene from xml file
2026-05-15 15:39:48.483 | INFO     | spider.viewers:setup_viewer:106 - viewer is disabled, launch dummy viewer
2026-05-15 15:40:05.981 | WARNING  | spider.optimizers.sampling:optimize_once:297 - NaNs or infs in rews: 13/4096
2026-05-15 15:40:24.838 | WARNING  | spider.optimizers.sampling:optimize_once:297 - NaNs or infs in rews: 6/4096
2026-05-15 15:40:38.878 | WARNING  | spider.optimizers.sampling:optimize_once:297 - NaNs or infs in rews: 3/4096
2026-05-15 15:41:06.756 | WARNING  | spider.optimizers.sampling:optimize_once:297 - NaNs or infs in rews: 1/4096
2026-05-15 15:41:20.372 | WARNING  | spider.optimizers.sampling:optimize_once:297 - NaNs or infs in rews: 1/4096
2026-05-15 15:41:33.514 | WARNING  | spider.optimizers.sampling:optimize_once:297 - NaNs or infs in rews: 2/4096
2026-05-15 15:41:46.360 | WARNING  | spider.optimizers.sampling:optimize_once:297 - NaNs or infs in rews: 2/4096
nefc overflow - please increase njmax to 546
nefc overflow - please increase njmax to 540
2026-05-15 15:42:04.374 | WARNING  | spider.optimizers.sampling:optimize_once:297 - NaNs or infs in rews: 73/4096
2026-05-15 15:42:19.414 | WARNING  | spider.optimizers.sampling:optimize_once:297 - NaNs or infs in rews: 96/4096
nefc overflow - please increase njmax to 776
nefc overflow - please increase njmax to 656
2026-05-15 15:42:34.356 | WARNING  | spider.optimizers.sampling:optimize_once:297 - NaNs or infs in rews: 118/4096
nefc overflow - please increase njmax to 528
nefc overflow - please increase njmax to 630
nefc overflow - please increase njmax to 574
nefc overflow - please increase njmax to 522
nefc overflow - please increase njmax to 509
nefc overflow - please increase njmax to 521
2026-05-15 15:42:48.751 | WARNING  | spider.optimizers.sampling:optimize_once:297 - NaNs or infs in rews: 313/4096
2026-05-15 15:43:03.162 | WARNING  | spider.optimizers.sampling:optimize_once:297 - NaNs or infs in rews: 201/4096
2026-05-15 15:43:17.179 | WARNING  | spider.optimizers.sampling:optimize_once:297 - NaNs or infs in rews: 153/4096
2026-05-15 15:43:31.295 | WARNING  | spider.optimizers.sampling:optimize_once:297 - NaNs or infs in rews: 94/4096
nefc overflow - please increase njmax to 540
nefc overflow - please increase njmax to 543
nefc overflow - please increase njmax to 516
2026-05-15 15:43:45.814 | WARNING  | spider.optimizers.sampling:optimize_once:297 - NaNs or infs in rews: 66/4096
2026-05-15 15:44:03.711 | WARNING  | spider.optimizers.sampling:optimize_once:297 - NaNs or infs in rews: 86/4096
nefc overflow - please increase njmax to 555
nefc overflow - please increase njmax to 524
nefc overflow - please increase njmax to 616
nefc overflow - please increase njmax to 523
nefc overflow - please increase njmax to 517
nefc overflow - please increase njmax to 616
nefc overflow - please increase njmax to 505
nefc overflow - please increase njmax to 550
nefc overflow - please increase njmax to 679
nefc overflow - please increase njmax to 621
nefc overflow - please increase njmax to 522
nefc overflow - please increase njmax to 519
nefc overflow - please increase njmax to 713
nefc overflow - please increase njmax to 647
nefc overflow - please increase njmax to 538
nefc overflow - please increase njmax to 856
nefc overflow - please increase njmax to 553
nefc overflow - please increase njmax to 512
nefc overflow - please increase njmax to 911
nefc overflow - please increase njmax to 614
nefc overflow - please increase njmax to 629
nefc overflow - please increase njmax to 575
nefc overflow - please increase njmax to 662
nefc overflow - please increase njmax to 545
nefc overflow - please increase njmax to 502
nefc overflow - please increase njmax to 631
nefc overflow - please increase njmax to 640
nefc overflow - please increase njmax to 811
nefc overflow - please increase njmax to 512
nefc overflow - please increase njmax to 542
nefc overflow - please increase njmax to 620
nefc overflow - please increase njmax to 527
nefc overflow - please increase njmax to 506
nefc overflow - please increase njmax to 527
nefc overflow - please increase njmax to 627
nefc overflow - please increase njmax to 627
nefc overflow - please increase njmax to 525
nefc overflow - please increase njmax to 562
nefc overflow - please increase njmax to 529
nefc overflow - please increase njmax to 523
nefc overflow - please increase njmax to 790
nefc overflow - please increase njmax to 547
nefc overflow - please increase njmax to 628
nefc overflow - please increase njmax to 703
2026-05-15 15:44:19.449 | WARNING  | spider.optimizers.sampling:optimize_once:297 - NaNs or infs in rews: 179/4096
nefc overflow - please increase njmax to 531
nefc overflow - please increase njmax to 543
2026-05-15 15:44:34.447 | WARNING  | spider.optimizers.sampling:optimize_once:297 - NaNs or infs in rews: 122/4096
nefc overflow - please increase njmax to 508
nefc overflow - please increase njmax to 622
nefc overflow - please increase njmax to 505
nefc overflow - please increase njmax to 566
nefc overflow - please increase njmax to 587
nefc overflow - please increase njmax to 537
nefc overflow - please increase njmax to 552
nefc overflow - please increase njmax to 579
nefc overflow - please increase njmax to 528
nefc overflow - please increase njmax to 610
nefc overflow - please increase njmax to 625
nefc overflow - please increase njmax to 682
nefc overflow - please increase njmax to 505
nefc overflow - please increase njmax to 595
nefc overflow - please increase njmax to 676
nefc overflow - please increase njmax to 739
nefc overflow - please increase njmax to 562
2026-05-15 15:44:49.201 | WARNING  | spider.optimizers.sampling:optimize_once:297 - NaNs or infs in rews: 104/4096
2026-05-15 15:45:03.669 | WARNING  | spider.optimizers.sampling:optimize_once:297 - NaNs or infs in rews: 122/4096
nefc overflow - please increase njmax to 508
nefc overflow - please increase njmax to 522
nefc overflow - please increase njmax to 565
nefc overflow - please increase njmax to 628
nefc overflow - please increase njmax to 556
nefc overflow - please increase njmax to 583
nefc overflow - please increase njmax to 505
nefc overflow - please increase njmax to 592
nefc overflow - please increase njmax to 511
nefc overflow - please increase njmax to 674
nefc overflow - please increase njmax to 551
nefc overflow - please increase njmax to 569
nefc overflow - please increase njmax to 617
nefc overflow - please increase njmax to 527
nefc overflow - please increase njmax to 536
nefc overflow - please increase njmax to 560
nefc overflow - please increase njmax to 521
nefc overflow - please increase njmax to 542
nefc overflow - please increase njmax to 779
nefc overflow - please increase njmax to 593
nefc overflow - please increase njmax to 806
nefc overflow - please increase njmax to 800
nefc overflow - please increase njmax to 779
nefc overflow - please increase njmax to 743
nefc overflow - please increase njmax to 563
nefc overflow - please increase njmax to 539
nefc overflow - please increase njmax to 530
nefc overflow - please increase njmax to 581
nefc overflow - please increase njmax to 569
nefc overflow - please increase njmax to 506
2026-05-15 15:45:19.136 | WARNING  | spider.optimizers.sampling:optimize_once:297 - NaNs or infs in rews: 131/4096
nefc overflow - please increase njmax to 527
nefc overflow - please increase njmax to 545
nefc overflow - please increase njmax to 588
nefc overflow - please increase njmax to 508
nefc overflow - please increase njmax to 556
nefc overflow - please increase njmax to 643
nefc overflow - please increase njmax to 652
nefc overflow - please increase njmax to 547
nefc overflow - please increase njmax to 576
nefc overflow - please increase njmax to 527
nefc overflow - please increase njmax to 589
nefc overflow - please increase njmax to 730
nefc overflow - please increase njmax to 553
nefc overflow - please increase njmax to 519
nefc overflow - please increase njmax to 601
nefc overflow - please increase njmax to 607
nefc overflow - please increase njmax to 504
nefc overflow - please increase njmax to 689
nefc overflow - please increase njmax to 548
nefc overflow - please increase njmax to 569
nefc overflow - please increase njmax to 560
nefc overflow - please increase njmax to 524
nefc overflow - please increase njmax to 605
nefc overflow - please increase njmax to 695
nefc overflow - please increase njmax to 638
nefc overflow - please increase njmax to 536
nefc overflow - please increase njmax to 512
nefc overflow - please increase njmax to 608
2026-05-15 15:45:34.777 | WARNING  | spider.optimizers.sampling:optimize_once:297 - NaNs or infs in rews: 156/4096
2026-05-15 15:45:49.406 | WARNING  | spider.optimizers.sampling:optimize_once:297 - NaNs or infs in rews: 116/4096
nefc overflow - please increase njmax to 512
nefc overflow - please increase njmax to 589
nefc overflow - please increase njmax to 643
nefc overflow - please increase njmax to 694
nefc overflow - please increase njmax to 562
nefc overflow - please increase njmax to 529
nefc overflow - please increase njmax to 550
nefc overflow - please increase njmax to 646
nefc overflow - please increase njmax to 548
2026-05-15 15:46:08.760 | WARNING  | spider.optimizers.sampling:optimize_once:297 - NaNs or infs in rews: 148/4096
nefc overflow - please increase njmax to 662
nefc overflow - please increase njmax to 686
nefc overflow - please increase njmax to 713
nefc overflow - please increase njmax to 617
nefc overflow - please increase njmax to 620
nefc overflow - please increase njmax to 584
nefc overflow - please increase njmax to 632
nefc overflow - please increase njmax to 677
nefc overflow - please increase njmax to 704
nefc overflow - please increase njmax to 674
2026-05-15 15:46:25.595 | WARNING  | spider.optimizers.sampling:optimize_once:297 - NaNs or infs in rews: 161/4096
2026-05-15 15:46:42.105 | WARNING  | spider.optimizers.sampling:optimize_once:297 - NaNs or infs in rews: 110/4096
2026-05-15 15:46:58.575 | WARNING  | spider.optimizers.sampling:optimize_once:297 - NaNs or infs in rews: 58/4096
nefc overflow - please increase njmax to 509
nefc overflow - please increase njmax to 599
nefc overflow - please increase njmax to 653
nefc overflow - please increase njmax to 545
2026-05-15 15:47:14.804 | WARNING  | spider.optimizers.sampling:optimize_once:297 - NaNs or infs in rews: 56/4096
2026-05-15 15:47:30.853 | WARNING  | spider.optimizers.sampling:optimize_once:297 - NaNs or infs in rews: 30/4096
2026-05-15 15:47:46.660 | WARNING  | spider.optimizers.sampling:optimize_once:297 - NaNs or infs in rews: 26/4096
2026-05-15 15:48:02.372 | WARNING  | spider.optimizers.sampling:optimize_once:297 - NaNs or infs in rews: 30/4096
2026-05-15 15:48:22.273 | WARNING  | spider.optimizers.sampling:optimize_once:297 - NaNs or infs in rews: 36/4096
nefc overflow - please increase njmax to 569
nefc overflow - please increase njmax to 581
nefc overflow - please increase njmax to 527
2026-05-15 15:48:37.316 | WARNING  | spider.optimizers.sampling:optimize_once:297 - NaNs or infs in rews: 130/4096
2026-05-15 15:48:51.940 | WARNING  | spider.optimizers.sampling:optimize_once:297 - NaNs or infs in rews: 128/4096
2026-05-15 15:49:06.330 | WARNING  | spider.optimizers.sampling:optimize_once:297 - NaNs or infs in rews: 102/4096
nefc overflow - please increase njmax to 559
nefc overflow - please increase njmax to 502
nefc overflow - please increase njmax to 640
nefc overflow - please increase njmax to 571
nefc overflow - please increase njmax to 808
nefc overflow - please increase njmax to 928
nefc overflow - please increase njmax to 646
nefc overflow - please increase njmax to 505
nefc overflow - please increase njmax to 526
nefc overflow - please increase njmax to 511
nefc overflow - please increase njmax to 518
nefc overflow - please increase njmax to 740
nefc overflow - please increase njmax to 611
nefc overflow - please increase njmax to 566
nefc overflow - please increase njmax to 524
nefc overflow - please increase njmax to 506
nefc overflow - please increase njmax to 505
nefc overflow - please increase njmax to 636
nefc overflow - please increase njmax to 867
nefc overflow - please increase njmax to 504
nefc overflow - please increase njmax to 516
nefc overflow - please increase njmax to 511
nefc overflow - please increase njmax to 688
nefc overflow - please increase njmax to 862
2026-05-15 15:49:21.210 | WARNING  | spider.optimizers.sampling:optimize_once:297 - NaNs or infs in rews: 88/4096
nefc overflow - please increase njmax to 514
nefc overflow - please increase njmax to 538
nefc overflow - please increase njmax to 524
nefc overflow - please increase njmax to 564
nefc overflow - please increase njmax to 630
nefc overflow - please increase njmax to 585
nefc overflow - please increase njmax to 522
nefc overflow - please increase njmax to 540
nefc overflow - please increase njmax to 553
nefc overflow - please increase njmax to 580
2026-05-15 15:49:35.413 | WARNING  | spider.optimizers.sampling:optimize_once:297 - NaNs or infs in rews: 153/4096
2026-05-15 15:49:48.845 | WARNING  | spider.optimizers.sampling:optimize_once:297 - NaNs or infs in rews: 90/4096
2026-05-15 15:50:02.287 | WARNING  | spider.optimizers.sampling:optimize_once:297 - NaNs or infs in rews: 84/4096
nefc overflow - please increase njmax to 768
nefc overflow - please increase njmax to 831
nefc overflow - please increase njmax to 642
nefc overflow - please increase njmax to 529
nefc overflow - please increase njmax to 583
nefc overflow - please increase njmax to 722
nefc overflow - please increase njmax to 710
nefc overflow - please increase njmax to 679
nefc overflow - please increase njmax to 563
nefc overflow - please increase njmax to 508
nefc overflow - please increase njmax to 542
nefc overflow - please increase njmax to 650
nefc overflow - please increase njmax to 512
nefc overflow - please increase njmax to 539
nefc overflow - please increase njmax to 541
nefc overflow - please increase njmax to 534
nefc overflow - please increase njmax to 607
nefc overflow - please increase njmax to 1017
nefc overflow - please increase njmax to 681
nefc overflow - please increase njmax to 784
nefc overflow - please increase njmax to 546
nefc overflow - please increase njmax to 715
nefc overflow - please increase njmax to 646
nefc overflow - please increase njmax to 528
nefc overflow - please increase njmax to 511
nefc overflow - please increase njmax to 562
nefc overflow - please increase njmax to 566
nefc overflow - please increase njmax to 501
nefc overflow - please increase njmax to 544
nefc overflow - please increase njmax to 820
nefc overflow - please increase njmax to 642
nefc overflow - please increase njmax to 633
nefc overflow - please increase njmax to 576
nefc overflow - please increase njmax to 615
nefc overflow - please increase njmax to 768
nefc overflow - please increase njmax to 512
nefc overflow - please increase njmax to 511
nefc overflow - please increase njmax to 535
nefc overflow - please increase njmax to 571
nefc overflow - please increase njmax to 583
nefc overflow - please increase njmax to 511
nefc overflow - please increase njmax to 529
nefc overflow - please increase njmax to 515
nefc overflow - please increase njmax to 509
nefc overflow - please increase njmax to 569
nefc overflow - please increase njmax to 583
nefc overflow - please increase njmax to 539
nefc overflow - please increase njmax to 521
nefc overflow - please increase njmax to 514
nefc overflow - please increase njmax to 554
nefc overflow - please increase njmax to 529
nefc overflow - please increase njmax to 586
nefc overflow - please increase njmax to 626
nefc overflow - please increase njmax to 581
nefc overflow - please increase njmax to 550
nefc overflow - please increase njmax to 545
nefc overflow - please increase njmax to 610
nefc overflow - please increase njmax to 539
nefc overflow - please increase njmax to 710
nefc overflow - please increase njmax to 710
nefc overflow - please increase njmax to 737
nefc overflow - please increase njmax to 533
nefc overflow - please increase njmax to 502
nefc overflow - please increase njmax to 560
nefc overflow - please increase njmax to 533
nefc overflow - please increase njmax to 560
nefc overflow - please increase njmax to 509
nefc overflow - please increase njmax to 518
nefc overflow - please increase njmax to 622
nefc overflow - please increase njmax to 526
nefc overflow - please increase njmax to 709
nefc overflow - please increase njmax to 676
nefc overflow - please increase njmax to 526
nefc overflow - please increase njmax to 599
nefc overflow - please increase njmax to 659
nefc overflow - please increase njmax to 521
nefc overflow - please increase njmax to 809
nefc overflow - please increase njmax to 518
nefc overflow - please increase njmax to 641
nefc overflow - please increase njmax to 743
nefc overflow - please increase njmax to 569
nefc overflow - please increase njmax to 596
nefc overflow - please increase njmax to 704
nefc overflow - please increase njmax to 677
nefc overflow - please increase njmax to 527
nefc overflow - please increase njmax to 533
nefc overflow - please increase njmax to 506
nefc overflow - please increase njmax to 513
nefc overflow - please increase njmax to 588
nefc overflow - please increase njmax to 699
nefc overflow - please increase njmax to 717
nefc overflow - please increase njmax to 726
nefc overflow - please increase njmax to 786
nefc overflow - please increase njmax to 735
nefc overflow - please increase njmax to 543
nefc overflow - please increase njmax to 568
nefc overflow - please increase njmax to 613
nefc overflow - please increase njmax to 565
nefc overflow - please increase njmax to 649
nefc overflow - please increase njmax to 619
nefc overflow - please increase njmax to 547
nefc overflow - please increase njmax to 592
nefc overflow - please increase njmax to 544
nefc overflow - please increase njmax to 542
nefc overflow - please increase njmax to 560
nefc overflow - please increase njmax to 506
nefc overflow - please increase njmax to 550
nefc overflow - please increase njmax to 574
nefc overflow - please increase njmax to 520
nefc overflow - please increase njmax to 547
nefc overflow - please increase njmax to 558
nefc overflow - please increase njmax to 544
nefc overflow - please increase njmax to 628
nefc overflow - please increase njmax to 553
nefc overflow - please increase njmax to 544
nefc overflow - please increase njmax to 562
nefc overflow - please increase njmax to 552
nefc overflow - please increase njmax to 560
nefc overflow - please increase njmax to 533
nefc overflow - please increase njmax to 537
nefc overflow - please increase njmax to 608
nefc overflow - please increase njmax to 597
nefc overflow - please increase njmax to 564
nefc overflow - please increase njmax to 581
nefc overflow - please increase njmax to 502
nefc overflow - please increase njmax to 535
nefc overflow - please increase njmax to 526
nefc overflow - please increase njmax to 571
nefc overflow - please increase njmax to 907
nefc overflow - please increase njmax to 553
nefc overflow - please increase njmax to 539
nefc overflow - please increase njmax to 580
nefc overflow - please increase njmax to 516
nefc overflow - please increase njmax to 702
nefc overflow - please increase njmax to 535
nefc overflow - please increase njmax to 547
nefc overflow - please increase njmax to 583
nefc overflow - please increase njmax to 517
nefc overflow - please increase njmax to 634
nefc overflow - please increase njmax to 620
nefc overflow - please increase njmax to 725
nefc overflow - please increase njmax to 743
nefc overflow - please increase njmax to 590
nefc overflow - please increase njmax to 668
nefc overflow - please increase njmax to 574
nefc overflow - please increase njmax to 878
nefc overflow - please increase njmax to 940
nefc overflow - please increase njmax to 797
nefc overflow - please increase njmax to 691
nefc overflow - please increase njmax to 533
nefc overflow - please increase njmax to 706
nefc overflow - please increase njmax to 572
nefc overflow - please increase njmax to 671
nefc overflow - please increase njmax to 646
nefc overflow - please increase njmax to 674
nefc overflow - please increase njmax to 517
nefc overflow - please increase njmax to 539
nefc overflow - please increase njmax to 503
nefc overflow - please increase njmax to 519
nefc overflow - please increase njmax to 597
nefc overflow - please increase njmax to 695
nefc overflow - please increase njmax to 524
nefc overflow - please increase njmax to 572
nefc overflow - please increase njmax to 521
nefc overflow - please increase njmax to 734
nefc overflow - please increase njmax to 596
nefc overflow - please increase njmax to 518
nefc overflow - please increase njmax to 524
nefc overflow - please increase njmax to 737
nefc overflow - please increase njmax to 827
nefc overflow - please increase njmax to 902
nefc overflow - please increase njmax to 797
nefc overflow - please increase njmax to 950
nefc overflow - please increase njmax to 561
nefc overflow - please increase njmax to 588
nefc overflow - please increase njmax to 504
nefc overflow - please increase njmax to 540
nefc overflow - please increase njmax to 516
nefc overflow - please increase njmax to 603
nefc overflow - please increase njmax to 502
nefc overflow - please increase njmax to 514
nefc overflow - please increase njmax to 699
nefc overflow - please increase njmax to 520
nefc overflow - please increase njmax to 538
nefc overflow - please increase njmax to 517
nefc overflow - please increase njmax to 571
nefc overflow - please increase njmax to 670
nefc overflow - please increase njmax to 571
2026-05-15 15:50:21.972 | WARNING  | spider.optimizers.sampling:optimize_once:297 - NaNs or infs in rews: 1407/4096
nefc overflow - please increase njmax to 648
nefc overflow - please increase njmax to 606
nefc overflow - please increase njmax to 549
nefc overflow - please increase njmax to 508
nefc overflow - please increase njmax to 571
nefc overflow - please increase njmax to 730
nefc overflow - please increase njmax to 775
nefc overflow - please increase njmax to 835
nefc overflow - please increase njmax to 814
nefc overflow - please increase njmax to 829
nefc overflow - please increase njmax to 865
nefc overflow - please increase njmax to 655
nefc overflow - please increase njmax to 577
nefc overflow - please increase njmax to 622
nefc overflow - please increase njmax to 541
nefc overflow - please increase njmax to 559
nefc overflow - please increase njmax to 541
nefc overflow - please increase njmax to 538
nefc overflow - please increase njmax to 523
nefc overflow - please increase njmax to 537
nefc overflow - please increase njmax to 570
nefc overflow - please increase njmax to 582
nefc overflow - please increase njmax to 561
nefc overflow - please increase njmax to 618
nefc overflow - please increase njmax to 564
nefc overflow - please increase njmax to 561
nefc overflow - please increase njmax to 597
nefc overflow - please increase njmax to 667
nefc overflow - please increase njmax to 643
nefc overflow - please increase njmax to 580
nefc overflow - please increase njmax to 547
2026-05-15 15:50:34.948 | WARNING  | spider.optimizers.sampling:optimize_once:297 - NaNs or infs in rews: 627/4096
nefc overflow - please increase njmax to 617
nefc overflow - please increase njmax to 644
nefc overflow - please increase njmax to 578
nefc overflow - please increase njmax to 545
nefc overflow - please increase njmax to 575
nefc overflow - please increase njmax to 554
nefc overflow - please increase njmax to 686
nefc overflow - please increase njmax to 803
nefc overflow - please increase njmax to 575
nefc overflow - please increase njmax to 598
nefc overflow - please increase njmax to 508
nefc overflow - please increase njmax to 508
nefc overflow - please increase njmax to 532
nefc overflow - please increase njmax to 522
nefc overflow - please increase njmax to 507
nefc overflow - please increase njmax to 616
nefc overflow - please increase njmax to 505
nefc overflow - please increase njmax to 542
nefc overflow - please increase njmax to 620
nefc overflow - please increase njmax to 559
nefc overflow - please increase njmax to 601
nefc overflow - please increase njmax to 535
nefc overflow - please increase njmax to 809
nefc overflow - please increase njmax to 509
nefc overflow - please increase njmax to 818
nefc overflow - please increase njmax to 604
nefc overflow - please increase njmax to 739
nefc overflow - please increase njmax to 526
nefc overflow - please increase njmax to 541
nefc overflow - please increase njmax to 631
nefc overflow - please increase njmax to 562
nefc overflow - please increase njmax to 634
nefc overflow - please increase njmax to 697
nefc overflow - please increase njmax to 518
nefc overflow - please increase njmax to 818
nefc overflow - please increase njmax to 572
nefc overflow - please increase njmax to 548
nefc overflow - please increase njmax to 569
nefc overflow - please increase njmax to 599
nefc overflow - please increase njmax to 554
nefc overflow - please increase njmax to 605
nefc overflow - please increase njmax to 680
nefc overflow - please increase njmax to 536
nefc overflow - please increase njmax to 545
nefc overflow - please increase njmax to 671
2026-05-15 15:50:48.098 | WARNING  | spider.optimizers.sampling:optimize_once:297 - NaNs or infs in rews: 399/4096
nefc overflow - please increase njmax to 536
nefc overflow - please increase njmax to 542
nefc overflow - please increase njmax to 503
nefc overflow - please increase njmax to 515
nefc overflow - please increase njmax to 515
nefc overflow - please increase njmax to 518
nefc overflow - please increase njmax to 557
nefc overflow - please increase njmax to 626
nefc overflow - please increase njmax to 734
nefc overflow - please increase njmax to 611
nefc overflow - please increase njmax to 719
nefc overflow - please increase njmax to 881
nefc overflow - please increase njmax to 683
nefc overflow - please increase njmax to 527
nefc overflow - please increase njmax to 503
nefc overflow - please increase njmax to 560
nefc overflow - please increase njmax to 587
nefc overflow - please increase njmax to 501
nefc overflow - please increase njmax to 549
2026-05-15 15:50:59.672 | WARNING  | spider.optimizers.sampling:optimize_once:297 - NaNs or infs in rews: 120/4096
2026-05-15 15:51:10.882 | WARNING  | spider.optimizers.sampling:optimize_once:297 - NaNs or infs in rews: 69/4096
2026-05-15 15:51:21.988 | WARNING  | spider.optimizers.sampling:optimize_once:297 - NaNs or infs in rews: 64/4096
nefc overflow - please increase njmax to 501
2026-05-15 15:51:33.719 | WARNING  | spider.optimizers.sampling:optimize_once:297 - NaNs or infs in rews: 52/4096
2026-05-15 15:51:45.155 | WARNING  | spider.optimizers.sampling:optimize_once:297 - NaNs or infs in rews: 25/4096
2026-05-15 15:52:01.065 | WARNING  | spider.optimizers.sampling:optimize_once:297 - NaNs or infs in rews: 7/4096
2026-05-15 15:52:14.058 | WARNING  | spider.optimizers.sampling:optimize_once:297 - NaNs or infs in rews: 2/4096
2026-05-15 15:52:26.799 | WARNING  | spider.optimizers.sampling:optimize_once:297 - NaNs or infs in rews: 7/4096
2026-05-15 15:52:39.403 | WARNING  | spider.optimizers.sampling:optimize_once:297 - NaNs or infs in rews: 6/4096
2026-05-15 15:52:51.763 | WARNING  | spider.optimizers.sampling:optimize_once:297 - NaNs or infs in rews: 5/4096
2026-05-15 15:53:03.857 | WARNING  | spider.optimizers.sampling:optimize_once:297 - NaNs or infs in rews: 3/4096
2026-05-15 15:53:15.857 | WARNING  | spider.optimizers.sampling:optimize_once:297 - NaNs or infs in rews: 4/4096
2026-05-15 15:53:27.800 | WARNING  | spider.optimizers.sampling:optimize_once:297 - NaNs or infs in rews: 9/4096
2026-05-15 15:53:44.042 | WARNING  | spider.optimizers.sampling:optimize_once:297 - NaNs or infs in rews: 18/4096
2026-05-15 15:53:56.385 | WARNING  | spider.optimizers.sampling:optimize_once:297 - NaNs or infs in rews: 19/4096
2026-05-15 15:54:08.658 | WARNING  | spider.optimizers.sampling:optimize_once:297 - NaNs or infs in rews: 19/4096
2026-05-15 15:54:21.167 | WARNING  | spider.optimizers.sampling:optimize_once:297 - NaNs or infs in rews: 20/4096
2026-05-15 15:54:33.405 | WARNING  | spider.optimizers.sampling:optimize_once:297 - NaNs or infs in rews: 22/4096
2026-05-15 15:54:45.363 | WARNING  | spider.optimizers.sampling:optimize_once:297 - NaNs or infs in rews: 18/4096
2026-05-15 15:54:57.218 | WARNING  | spider.optimizers.sampling:optimize_once:297 - NaNs or infs in rews: 20/4096
2026-05-15 15:55:08.780 | WARNING  | spider.optimizers.sampling:optimize_once:297 - NaNs or infs in rews: 17/4096
2026-05-15 15:55:24.032 | WARNING  | spider.optimizers.sampling:optimize_once:297 - NaNs or infs in rews: 18/4096
2026-05-15 15:55:35.200 | WARNING  | spider.optimizers.sampling:optimize_once:297 - NaNs or infs in rews: 18/4096
2026-05-15 15:55:45.794 | WARNING  | spider.optimizers.sampling:optimize_once:297 - NaNs or infs in rews: 18/4096
2026-05-15 15:55:56.345 | WARNING  | spider.optimizers.sampling:optimize_once:297 - NaNs or infs in rews: 18/4096
2026-05-15 15:56:06.842 | WARNING  | spider.optimizers.sampling:optimize_once:297 - NaNs or infs in rews: 19/4096
2026-05-15 15:56:17.136 | WARNING  | spider.optimizers.sampling:optimize_once:297 - NaNs or infs in rews: 18/4096
2026-05-15 15:56:27.329 | WARNING  | spider.optimizers.sampling:optimize_once:297 - NaNs or infs in rews: 18/4096
2026-05-15 15:56:37.176 | WARNING  | spider.optimizers.sampling:optimize_once:297 - NaNs or infs in rews: 18/4096
2026-05-15 15:56:51.614 | WARNING  | spider.optimizers.sampling:optimize_once:297 - NaNs or infs in rews: 18/4096
2026-05-15 15:57:02.723 | WARNING  | spider.optimizers.sampling:optimize_once:297 - NaNs or infs in rews: 18/4096
2026-05-15 15:57:13.470 | WARNING  | spider.optimizers.sampling:optimize_once:297 - NaNs or infs in rews: 18/4096
2026-05-15 15:57:23.973 | WARNING  | spider.optimizers.sampling:optimize_once:297 - NaNs or infs in rews: 18/4096
2026-05-15 15:57:34.298 | WARNING  | spider.optimizers.sampling:optimize_once:297 - NaNs or infs in rews: 18/4096
2026-05-15 15:57:44.494 | WARNING  | spider.optimizers.sampling:optimize_once:297 - NaNs or infs in rews: 18/4096
2026-05-15 15:57:54.572 | WARNING  | spider.optimizers.sampling:optimize_once:297 - NaNs or infs in rews: 18/4096
2026-05-15 15:58:04.495 | WARNING  | spider.optimizers.sampling:optimize_once:297 - NaNs or infs in rews: 18/4096
2026-05-15 15:58:18.898 | WARNING  | spider.optimizers.sampling:optimize_once:297 - NaNs or infs in rews: 18/4096
2026-05-15 15:58:30.164 | WARNING  | spider.optimizers.sampling:optimize_once:297 - NaNs or infs in rews: 18/4096
2026-05-15 15:58:41.140 | WARNING  | spider.optimizers.sampling:optimize_once:297 - NaNs or infs in rews: 18/4096
2026-05-15 15:58:51.859 | WARNING  | spider.optimizers.sampling:optimize_once:297 - NaNs or infs in rews: 18/4096
2026-05-15 15:59:02.404 | WARNING  | spider.optimizers.sampling:optimize_once:297 - NaNs or infs in rews: 18/4096
2026-05-15 15:59:12.809 | WARNING  | spider.optimizers.sampling:optimize_once:297 - NaNs or infs in rews: 18/4096
2026-05-15 15:59:23.071 | WARNING  | spider.optimizers.sampling:optimize_once:297 - NaNs or infs in rews: 18/4096
2026-05-15 15:59:33.232 | WARNING  | spider.optimizers.sampling:optimize_once:297 - NaNs or infs in rews: 18/4096
2026-05-15 15:59:48.096 | WARNING  | spider.optimizers.sampling:optimize_once:297 - NaNs or infs in rews: 18/4096
2026-05-15 15:59:59.807 | WARNING  | spider.optimizers.sampling:optimize_once:297 - NaNs or infs in rews: 18/4096
2026-05-15 16:00:10.875 | WARNING  | spider.optimizers.sampling:optimize_once:297 - NaNs or infs in rews: 18/4096
2026-05-15 16:00:21.727 | WARNING  | spider.optimizers.sampling:optimize_once:297 - NaNs or infs in rews: 18/4096
2026-05-15 16:00:32.476 | WARNING  | spider.optimizers.sampling:optimize_once:297 - NaNs or infs in rews: 18/4096
2026-05-15 16:00:43.100 | WARNING  | spider.optimizers.sampling:optimize_once:297 - NaNs or infs in rews: 18/4096
2026-05-15 16:00:53.598 | WARNING  | spider.optimizers.sampling:optimize_once:297 - NaNs or infs in rews: 19/4096
2026-05-15 16:01:03.978 | WARNING  | spider.optimizers.sampling:optimize_once:297 - NaNs or infs in rews: 18/4096
2026-05-15 16:01:18.428 | WARNING  | spider.optimizers.sampling:optimize_once:297 - NaNs or infs in rews: 18/4096
2026-05-15 16:01:29.333 | WARNING  | spider.optimizers.sampling:optimize_once:297 - NaNs or infs in rews: 18/4096
2026-05-15 16:01:39.964 | WARNING  | spider.optimizers.sampling:optimize_once:297 - NaNs or infs in rews: 18/4096
2026-05-15 16:01:50.456 | WARNING  | spider.optimizers.sampling:optimize_once:297 - NaNs or infs in rews: 18/4096
2026-05-15 16:02:00.872 | WARNING  | spider.optimizers.sampling:optimize_once:297 - NaNs or infs in rews: 18/4096
2026-05-15 16:02:11.246 | WARNING  | spider.optimizers.sampling:optimize_once:297 - NaNs or infs in rews: 18/4096
2026-05-15 16:02:21.554 | WARNING  | spider.optimizers.sampling:optimize_once:297 - NaNs or infs in rews: 18/4096
2026-05-15 16:02:31.838 | WARNING  | spider.optimizers.sampling:optimize_once:297 - NaNs or infs in rews: 18/4096
2026-05-15 16:02:46.277 | WARNING  | spider.optimizers.sampling:optimize_once:297 - NaNs or infs in rews: 18/4096
2026-05-15 16:02:57.319 | WARNING  | spider.optimizers.sampling:optimize_once:297 - NaNs or infs in rews: 18/4096
2026-05-15 16:03:08.049 | WARNING  | spider.optimizers.sampling:optimize_once:297 - NaNs or infs in rews: 18/4096
2026-05-15 16:03:18.619 | WARNING  | spider.optimizers.sampling:optimize_once:297 - NaNs or infs in rews: 18/4096
2026-05-15 16:03:29.125 | WARNING  | spider.optimizers.sampling:optimize_once:297 - NaNs or infs in rews: 18/4096
2026-05-15 16:03:39.589 | WARNING  | spider.optimizers.sampling:optimize_once:297 - NaNs or infs in rews: 18/4096
2026-05-15 16:03:49.993 | WARNING  | spider.optimizers.sampling:optimize_once:297 - NaNs or infs in rews: 18/4096
2026-05-15 16:04:00.367 | WARNING  | spider.optimizers.sampling:optimize_once:297 - NaNs or infs in rews: 18/4096
2026-05-15 16:04:03.416 | INFO     | __main__:main:296 - Saved info to /share/culbertson/nl455/spider/example_datasets/processed/custom/leap/right/screwdriver/0/vel_obj_rot_rew_scale1.2_obj_rot_rew_scale0.3_num_samples4096_trajectory_mjwp.npz
2026-05-15 16:04:04.169 | INFO     | __main__:main:306 - Saved video to /share/culbertson/nl455/spider/example_datasets/processed/custom/leap/right/screwdriver/0/vel_obj_rot_rew_scale1.2_obj_rot_rew_scale0.3_num_samples4096_trajectory_mjwp.mp4
2026-05-15 16:04:04.560 | INFO     | __main__:save_reward_plot:112 - Saved reward plot to /share/culbertson/nl455/spider/example_datasets/processed/custom/leap/right/screwdriver/0/vel_obj_rot_rew_scale1.2_obj_rot_rew_scale0.3_num_samples4096_trajectory_mjwp_visualization_mjwp.png
/share/culbertson/nl455/spider/example_datasets/processed/custom/leap/right/screwdriver/0/trajectory_kinematic.npz
Loading data from /share/culbertson/nl455/spider/example_datasets/processed/custom/leap/right/screwdriver/0/trajectory_kinematic.npz
Warp DeprecationWarning: The symbol `warp.context.runtime` will soon be removed from the public API. It can still be accessed from `warp._src.context.runtime` but might be changed or removed without notice.
Module mujoco_warp._src.smooth 61a2af8 load on device 'cuda:0' took 6.88 ms  (cached)
Module mujoco_warp._src.collision_driver de6dc98 load on device 'cuda:0' took 3.44 ms  (cached)
Module _nxn_broadphase__locals__kernel_a346c471 a346c47 load on device 'cuda:0' took 2.88 ms  (cached)
Module ccd_kernel_builder__locals__ccd_kernel_19e6ee06 19e6ee0 load on device 'cuda:0' took 4.58 ms  (cached)
Module ccd_kernel_builder__locals__ccd_kernel_c58b55f9 c58b55f load on device 'cuda:0' took 4.66 ms  (cached)
Module mujoco_warp._src.collision_primitive._create_narrowphase_kernel 6edaddc load on device 'cuda:0' took 3.08 ms  (cached)
Module mujoco_warp._src.constraint 8bed7e5 load on device 'cuda:0' took 4.23 ms  (cached)
Module mujoco_warp._src.sensor b9de671 load on device 'cuda:0' took 3.99 ms  (cached)
Module _actuator_velocity__locals__actuator_velocity_f04c5480 db8dc9c load on device 'cuda:0' took 2.20 ms  (cached)
Module mujoco_warp._src.passive eab35ec load on device 'cuda:0' took 2.37 ms  (cached)
Module mujoco_warp._src.forward 3875c24 load on device 'cuda:0' took 2.84 ms  (cached)
Module mujoco_warp._src.support b7a7a89 load on device 'cuda:0' took 2.50 ms  (cached)
Module _tile_cholesky_factorize_solve__locals__cholesky_factorize_solve_75721b92 b743607 load on device 'cuda:0' took 24.57 ms  (cached)
Module _tile_cholesky_factorize_solve__locals__cholesky_factorize_solve_c4e05987 fd0a184 load on device 'cuda:0' took 31.36 ms  (cached)
Module mujoco_warp._src.solver f8d7d7e load on device 'cuda:0' took 3.50 ms  (cached)
Module mul_m_dense__locals___mul_m_dense_803d80a2 fbc904a load on device 'cuda:0' took 50.24 ms  (cached)
Module mul_m_dense__locals___mul_m_dense_fbd60039 8924a85 load on device 'cuda:0' took 51.57 ms  (cached)
Module update_constraint_gauss_cost__locals__kernel_1f348527 1f34852 load on device 'cuda:0' took 1.92 ms  (cached)
Module update_gradient_JTDAJ_dense_tiled__locals__kernel_8b1f0b81 b7319a9 load on device 'cuda:0' took 58.31 ms  (cached)
Module update_gradient_cholesky__locals__kernel_d5b6cd93 df192df load on device 'cuda:0' took 34.53 ms  (cached)
Module linesearch_jv_fused__locals__kernel_786137e4 786137e load on device 'cuda:0' took 2.35 ms  (cached)
Module mujoco_warp._src.derivative 43453d8 load on device 'cuda:0' took 2.27 ms  (cached)
starting loop
[optimize] iteration 0
info: {'qpos_dist_max': np.float32(nan), 'qpos_dist_min': np.float32(nan), 'qpos_dist_median': np.float32(nan), 'qpos_dist_mean': np.float32(nan), 'qvel_dist_max': np.float32(nan), 'qvel_dist_min': np.float32(nan), 'qvel_dist_median': np.float32(nan), 'qvel_dist_mean': np.float32(nan), 'qpos_rew_max': np.float32(nan), 'qpos_rew_min': np.float32(nan), 'qpos_rew_median': np.float32(nan), 'qpos_rew_mean': np.float32(nan), 'qvel_rew_max': np.float32(nan), 'qvel_rew_min': np.float32(nan), 'qvel_rew_median': np.float32(nan), 'qvel_rew_mean': np.float32(nan), 'improvement': np.float32(nan), 'rew_max': np.float32(nan), 'rew_min': np.float32(nan), 'rew_median': np.float32(nan), 'rew_mean': np.float32(nan), 'trace_sample': array([], shape=(6, 1000, 0, 3), dtype=float32)}
[optimize] iteration 1
info: {'qpos_dist_max': np.float32(nan), 'qpos_dist_min': np.float32(nan), 'qpos_dist_median': np.float32(nan), 'qpos_dist_mean': np.float32(nan), 'qvel_dist_max': np.float32(nan), 'qvel_dist_min': np.float32(nan), 'qvel_dist_median': np.float32(nan), 'qvel_dist_mean': np.float32(nan), 'qpos_rew_max': np.float32(nan), 'qpos_rew_min': np.float32(nan), 'qpos_rew_median': np.float32(nan), 'qpos_rew_mean': np.float32(nan), 'qvel_rew_max': np.float32(nan), 'qvel_rew_min': np.float32(nan), 'qvel_rew_median': np.float32(nan), 'qvel_rew_mean': np.float32(nan), 'improvement': np.float32(nan), 'rew_max': np.float32(nan), 'rew_min': np.float32(nan), 'rew_median': np.float32(nan), 'rew_mean': np.float32(nan), 'trace_sample': array([], shape=(6, 1000, 0, 3), dtype=float32)}
[optimize] iteration 2
info: {'qpos_dist_max': np.float32(nan), 'qpos_dist_min': np.float32(nan), 'qpos_dist_median': np.float32(nan), 'qpos_dist_mean': np.float32(nan), 'qvel_dist_max': np.float32(nan), 'qvel_dist_min': np.float32(nan), 'qvel_dist_median': np.float32(nan), 'qvel_dist_mean': np.float32(nan), 'qpos_rew_max': np.float32(nan), 'qpos_rew_min': np.float32(nan), 'qpos_rew_median': np.float32(nan), 'qpos_rew_mean': np.float32(nan), 'qvel_rew_max': np.float32(nan), 'qvel_rew_min': np.float32(nan), 'qvel_rew_median': np.float32(nan), 'qvel_rew_mean': np.float32(nan), 'improvement': np.float32(nan), 'rew_max': np.float32(nan), 'rew_min': np.float32(nan), 'rew_median': np.float32(nan), 'rew_mean': np.float32(nan), 'trace_sample': array([], shape=(6, 1000, 0, 3), dtype=float32)}
[optimize] iteration 3
info: {'qpos_dist_max': np.float32(0.5380778), 'qpos_dist_min': np.float32(0.080448054), 'qpos_dist_median': np.float32(0.20532046), 'qpos_dist_mean': np.float32(0.2215259), 'qvel_dist_max': np.float32(61.188683), 'qvel_dist_min': np.float32(3.4172728), 'qvel_dist_median': np.float32(4.9633856), 'qvel_dist_mean': np.float32(5.109187), 'qpos_rew_max': np.float32(-0.080448054), 'qpos_rew_min': np.float32(-0.5380778), 'qpos_rew_median': np.float32(-0.20532046), 'qpos_rew_mean': np.float32(-0.2215259), 'qvel_rew_max': np.float32(0.0), 'qvel_rew_min': np.float32(0.0), 'qvel_rew_median': np.float32(0.0), 'qvel_rew_mean': np.float32(0.0), 'improvement': np.float32(0.3516173), 'rew_max': np.float32(-0.08044804), 'rew_min': np.float32(-0.5380778), 'rew_median': np.float32(-0.2053204), 'rew_mean': np.float32(-0.2215259), 'trace_sample': array([], shape=(6, 1000, 0, 3), dtype=float32)}
[optimize] iteration 4
info: {'qpos_dist_max': np.float32(nan), 'qpos_dist_min': np.float32(nan), 'qpos_dist_median': np.float32(nan), 'qpos_dist_mean': np.float32(nan), 'qvel_dist_max': np.float32(nan), 'qvel_dist_min': np.float32(nan), 'qvel_dist_median': np.float32(nan), 'qvel_dist_mean': np.float32(nan), 'qpos_rew_max': np.float32(nan), 'qpos_rew_min': np.float32(nan), 'qpos_rew_median': np.float32(nan), 'qpos_rew_mean': np.float32(nan), 'qvel_rew_max': np.float32(nan), 'qvel_rew_min': np.float32(nan), 'qvel_rew_median': np.float32(nan), 'qvel_rew_mean': np.float32(nan), 'improvement': np.float32(nan), 'rew_max': np.float32(nan), 'rew_min': np.float32(nan), 'rew_median': np.float32(nan), 'rew_mean': np.float32(nan), 'trace_sample': array([], shape=(6, 1000, 0, 3), dtype=float32)}
[optimize] iteration 5
info: {'qpos_dist_max': np.float32(nan), 'qpos_dist_min': np.float32(nan), 'qpos_dist_median': np.float32(nan), 'qpos_dist_mean': np.float32(nan), 'qvel_dist_max': np.float32(nan), 'qvel_dist_min': np.float32(nan), 'qvel_dist_median': np.float32(nan), 'qvel_dist_mean': np.float32(nan), 'qpos_rew_max': np.float32(nan), 'qpos_rew_min': np.float32(nan), 'qpos_rew_median': np.float32(nan), 'qpos_rew_mean': np.float32(nan), 'qvel_rew_max': np.float32(nan), 'qvel_rew_min': np.float32(nan), 'qvel_rew_median': np.float32(nan), 'qvel_rew_mean': np.float32(nan), 'improvement': np.float32(nan), 'rew_max': np.float32(nan), 'rew_min': np.float32(nan), 'rew_median': np.float32(nan), 'rew_mean': np.float32(nan), 'trace_sample': array([], shape=(6, 1000, 0, 3), dtype=float32)}
[optimize] iteration 6
info: {'qpos_dist_max': np.float32(nan), 'qpos_dist_min': np.float32(nan), 'qpos_dist_median': np.float32(nan), 'qpos_dist_mean': np.float32(nan), 'qvel_dist_max': np.float32(nan), 'qvel_dist_min': np.float32(nan), 'qvel_dist_median': np.float32(nan), 'qvel_dist_mean': np.float32(nan), 'qpos_rew_max': np.float32(nan), 'qpos_rew_min': np.float32(nan), 'qpos_rew_median': np.float32(nan), 'qpos_rew_mean': np.float32(nan), 'qvel_rew_max': np.float32(nan), 'qvel_rew_min': np.float32(nan), 'qvel_rew_median': np.float32(nan), 'qvel_rew_mean': np.float32(nan), 'improvement': np.float32(nan), 'rew_max': np.float32(nan), 'rew_min': np.float32(nan), 'rew_median': np.float32(nan), 'rew_mean': np.float32(nan), 'trace_sample': array([], shape=(6, 1000, 0, 3), dtype=float32)}
[optimize] iteration 7
info: {'qpos_dist_max': np.float32(nan), 'qpos_dist_min': np.float32(nan), 'qpos_dist_median': np.float32(nan), 'qpos_dist_mean': np.float32(nan), 'qvel_dist_max': np.float32(nan), 'qvel_dist_min': np.float32(nan), 'qvel_dist_median': np.float32(nan), 'qvel_dist_mean': np.float32(nan), 'qpos_rew_max': np.float32(nan), 'qpos_rew_min': np.float32(nan), 'qpos_rew_median': np.float32(nan), 'qpos_rew_mean': np.float32(nan), 'qvel_rew_max': np.float32(nan), 'qvel_rew_min': np.float32(nan), 'qvel_rew_median': np.float32(nan), 'qvel_rew_mean': np.float32(nan), 'improvement': np.float32(nan), 'rew_max': np.float32(nan), 'rew_min': np.float32(nan), 'rew_median': np.float32(nan), 'rew_mean': np.float32(nan), 'trace_sample': array([], shape=(6, 1000, 0, 3), dtype=float32)}
Finished optimizing
Realtime rate: 0.00, plan time: 120.2057s, sim_steps: 200/2670, opt_steps: 8[optimize] iteration 0
info: {'qpos_dist_max': np.float32(nan), 'qpos_dist_min': np.float32(nan), 'qpos_dist_median': np.float32(nan), 'qpos_dist_mean': np.float32(nan), 'qvel_dist_max': np.float32(nan), 'qvel_dist_min': np.float32(nan), 'qvel_dist_median': np.float32(nan), 'qvel_dist_mean': np.float32(nan), 'qpos_rew_max': np.float32(nan), 'qpos_rew_min': np.float32(nan), 'qpos_rew_median': np.float32(nan), 'qpos_rew_mean': np.float32(nan), 'qvel_rew_max': np.float32(nan), 'qvel_rew_min': np.float32(nan), 'qvel_rew_median': np.float32(nan), 'qvel_rew_mean': np.float32(nan), 'improvement': np.float32(nan), 'rew_max': np.float32(nan), 'rew_min': np.float32(nan), 'rew_median': np.float32(nan), 'rew_mean': np.float32(nan), 'trace_sample': array([], shape=(6, 1000, 0, 3), dtype=float32)}
[optimize] iteration 1
info: {'qpos_dist_max': np.float32(nan), 'qpos_dist_min': np.float32(nan), 'qpos_dist_median': np.float32(nan), 'qpos_dist_mean': np.float32(nan), 'qvel_dist_max': np.float32(nan), 'qvel_dist_min': np.float32(nan), 'qvel_dist_median': np.float32(nan), 'qvel_dist_mean': np.float32(nan), 'qpos_rew_max': np.float32(nan), 'qpos_rew_min': np.float32(nan), 'qpos_rew_median': np.float32(nan), 'qpos_rew_mean': np.float32(nan), 'qvel_rew_max': np.float32(nan), 'qvel_rew_min': np.float32(nan), 'qvel_rew_median': np.float32(nan), 'qvel_rew_mean': np.float32(nan), 'improvement': np.float32(nan), 'rew_max': np.float32(nan), 'rew_min': np.float32(nan), 'rew_median': np.float32(nan), 'rew_mean': np.float32(nan), 'trace_sample': array([], shape=(6, 1000, 0, 3), dtype=float32)}
[optimize] iteration 2
info: {'qpos_dist_max': np.float32(nan), 'qpos_dist_min': np.float32(nan), 'qpos_dist_median': np.float32(nan), 'qpos_dist_mean': np.float32(nan), 'qvel_dist_max': np.float32(nan), 'qvel_dist_min': np.float32(nan), 'qvel_dist_median': np.float32(nan), 'qvel_dist_mean': np.float32(nan), 'qpos_rew_max': np.float32(nan), 'qpos_rew_min': np.float32(nan), 'qpos_rew_median': np.float32(nan), 'qpos_rew_mean': np.float32(nan), 'qvel_rew_max': np.float32(nan), 'qvel_rew_min': np.float32(nan), 'qvel_rew_median': np.float32(nan), 'qvel_rew_mean': np.float32(nan), 'improvement': np.float32(nan), 'rew_max': np.float32(nan), 'rew_min': np.float32(nan), 'rew_median': np.float32(nan), 'rew_mean': np.float32(nan), 'trace_sample': array([], shape=(6, 1000, 0, 3), dtype=float32)}
[optimize] iteration 3
info: {'qpos_dist_max': np.float32(nan), 'qpos_dist_min': np.float32(nan), 'qpos_dist_median': np.float32(nan), 'qpos_dist_mean': np.float32(nan), 'qvel_dist_max': np.float32(nan), 'qvel_dist_min': np.float32(nan), 'qvel_dist_median': np.float32(nan), 'qvel_dist_mean': np.float32(nan), 'qpos_rew_max': np.float32(nan), 'qpos_rew_min': np.float32(nan), 'qpos_rew_median': np.float32(nan), 'qpos_rew_mean': np.float32(nan), 'qvel_rew_max': np.float32(nan), 'qvel_rew_min': np.float32(nan), 'qvel_rew_median': np.float32(nan), 'qvel_rew_mean': np.float32(nan), 'improvement': np.float32(nan), 'rew_max': np.float32(nan), 'rew_min': np.float32(nan), 'rew_median': np.float32(nan), 'rew_mean': np.float32(nan), 'trace_sample': array([], shape=(6, 1000, 0, 3), dtype=float32)}
[optimize] iteration 4
info: {'qpos_dist_max': np.float32(nan), 'qpos_dist_min': np.float32(nan), 'qpos_dist_median': np.float32(nan), 'qpos_dist_mean': np.float32(nan), 'qvel_dist_max': np.float32(nan), 'qvel_dist_min': np.float32(nan), 'qvel_dist_median': np.float32(nan), 'qvel_dist_mean': np.float32(nan), 'qpos_rew_max': np.float32(nan), 'qpos_rew_min': np.float32(nan), 'qpos_rew_median': np.float32(nan), 'qpos_rew_mean': np.float32(nan), 'qvel_rew_max': np.float32(nan), 'qvel_rew_min': np.float32(nan), 'qvel_rew_median': np.float32(nan), 'qvel_rew_mean': np.float32(nan), 'improvement': np.float32(nan), 'rew_max': np.float32(nan), 'rew_min': np.float32(nan), 'rew_median': np.float32(nan), 'rew_mean': np.float32(nan), 'trace_sample': array([], shape=(6, 1000, 0, 3), dtype=float32)}
[optimize] iteration 5
info: {'qpos_dist_max': np.float32(nan), 'qpos_dist_min': np.float32(nan), 'qpos_dist_median': np.float32(nan), 'qpos_dist_mean': np.float32(nan), 'qvel_dist_max': np.float32(nan), 'qvel_dist_min': np.float32(nan), 'qvel_dist_median': np.float32(nan), 'qvel_dist_mean': np.float32(nan), 'qpos_rew_max': np.float32(nan), 'qpos_rew_min': np.float32(nan), 'qpos_rew_median': np.float32(nan), 'qpos_rew_mean': np.float32(nan), 'qvel_rew_max': np.float32(nan), 'qvel_rew_min': np.float32(nan), 'qvel_rew_median': np.float32(nan), 'qvel_rew_mean': np.float32(nan), 'improvement': np.float32(nan), 'rew_max': np.float32(nan), 'rew_min': np.float32(nan), 'rew_median': np.float32(nan), 'rew_mean': np.float32(nan), 'trace_sample': array([], shape=(6, 1000, 0, 3), dtype=float32)}
[optimize] iteration 6
info: {'qpos_dist_max': np.float32(nan), 'qpos_dist_min': np.float32(nan), 'qpos_dist_median': np.float32(nan), 'qpos_dist_mean': np.float32(nan), 'qvel_dist_max': np.float32(nan), 'qvel_dist_min': np.float32(nan), 'qvel_dist_median': np.float32(nan), 'qvel_dist_mean': np.float32(nan), 'qpos_rew_max': np.float32(nan), 'qpos_rew_min': np.float32(nan), 'qpos_rew_median': np.float32(nan), 'qpos_rew_mean': np.float32(nan), 'qvel_rew_max': np.float32(nan), 'qvel_rew_min': np.float32(nan), 'qvel_rew_median': np.float32(nan), 'qvel_rew_mean': np.float32(nan), 'improvement': np.float32(nan), 'rew_max': np.float32(nan), 'rew_min': np.float32(nan), 'rew_median': np.float32(nan), 'rew_mean': np.float32(nan), 'trace_sample': array([], shape=(6, 1000, 0, 3), dtype=float32)}
[optimize] iteration 7
info: {'qpos_dist_max': np.float32(nan), 'qpos_dist_min': np.float32(nan), 'qpos_dist_median': np.float32(nan), 'qpos_dist_mean': np.float32(nan), 'qvel_dist_max': np.float32(nan), 'qvel_dist_min': np.float32(nan), 'qvel_dist_median': np.float32(nan), 'qvel_dist_mean': np.float32(nan), 'qpos_rew_max': np.float32(nan), 'qpos_rew_min': np.float32(nan), 'qpos_rew_median': np.float32(nan), 'qpos_rew_mean': np.float32(nan), 'qvel_rew_max': np.float32(nan), 'qvel_rew_min': np.float32(nan), 'qvel_rew_median': np.float32(nan), 'qvel_rew_mean': np.float32(nan), 'improvement': np.float32(nan), 'rew_max': np.float32(nan), 'rew_min': np.float32(nan), 'rew_median': np.float32(nan), 'rew_mean': np.float32(nan), 'trace_sample': array([], shape=(6, 1000, 0, 3), dtype=float32)}
Finished optimizing
Realtime rate: 0.00, plan time: 119.5411s, sim_steps: 400/2670, opt_steps: 8[optimize] iteration 0
info: {'qpos_dist_max': np.float32(nan), 'qpos_dist_min': np.float32(nan), 'qpos_dist_median': np.float32(nan), 'qpos_dist_mean': np.float32(nan), 'qvel_dist_max': np.float32(nan), 'qvel_dist_min': np.float32(nan), 'qvel_dist_median': np.float32(nan), 'qvel_dist_mean': np.float32(nan), 'qpos_rew_max': np.float32(nan), 'qpos_rew_min': np.float32(nan), 'qpos_rew_median': np.float32(nan), 'qpos_rew_mean': np.float32(nan), 'qvel_rew_max': np.float32(nan), 'qvel_rew_min': np.float32(nan), 'qvel_rew_median': np.float32(nan), 'qvel_rew_mean': np.float32(nan), 'improvement': np.float32(nan), 'rew_max': np.float32(nan), 'rew_min': np.float32(nan), 'rew_median': np.float32(nan), 'rew_mean': np.float32(nan), 'trace_sample': array([], shape=(6, 1000, 0, 3), dtype=float32)}
[optimize] iteration 1
info: {'qpos_dist_max': np.float32(nan), 'qpos_dist_min': np.float32(nan), 'qpos_dist_median': np.float32(nan), 'qpos_dist_mean': np.float32(nan), 'qvel_dist_max': np.float32(nan), 'qvel_dist_min': np.float32(nan), 'qvel_dist_median': np.float32(nan), 'qvel_dist_mean': np.float32(nan), 'qpos_rew_max': np.float32(nan), 'qpos_rew_min': np.float32(nan), 'qpos_rew_median': np.float32(nan), 'qpos_rew_mean': np.float32(nan), 'qvel_rew_max': np.float32(nan), 'qvel_rew_min': np.float32(nan), 'qvel_rew_median': np.float32(nan), 'qvel_rew_mean': np.float32(nan), 'improvement': np.float32(nan), 'rew_max': np.float32(nan), 'rew_min': np.float32(nan), 'rew_median': np.float32(nan), 'rew_mean': np.float32(nan), 'trace_sample': array([], shape=(6, 1000, 0, 3), dtype=float32)}
[optimize] iteration 2
info: {'qpos_dist_max': np.float32(nan), 'qpos_dist_min': np.float32(nan), 'qpos_dist_median': np.float32(nan), 'qpos_dist_mean': np.float32(nan), 'qvel_dist_max': np.float32(nan), 'qvel_dist_min': np.float32(nan), 'qvel_dist_median': np.float32(nan), 'qvel_dist_mean': np.float32(nan), 'qpos_rew_max': np.float32(nan), 'qpos_rew_min': np.float32(nan), 'qpos_rew_median': np.float32(nan), 'qpos_rew_mean': np.float32(nan), 'qvel_rew_max': np.float32(nan), 'qvel_rew_min': np.float32(nan), 'qvel_rew_median': np.float32(nan), 'qvel_rew_mean': np.float32(nan), 'improvement': np.float32(nan), 'rew_max': np.float32(nan), 'rew_min': np.float32(nan), 'rew_median': np.float32(nan), 'rew_mean': np.float32(nan), 'trace_sample': array([], shape=(6, 1000, 0, 3), dtype=float32)}
[optimize] iteration 3
info: {'qpos_dist_max': np.float32(nan), 'qpos_dist_min': np.float32(nan), 'qpos_dist_median': np.float32(nan), 'qpos_dist_mean': np.float32(nan), 'qvel_dist_max': np.float32(nan), 'qvel_dist_min': np.float32(nan), 'qvel_dist_median': np.float32(nan), 'qvel_dist_mean': np.float32(nan), 'qpos_rew_max': np.float32(nan), 'qpos_rew_min': np.float32(nan), 'qpos_rew_median': np.float32(nan), 'qpos_rew_mean': np.float32(nan), 'qvel_rew_max': np.float32(nan), 'qvel_rew_min': np.float32(nan), 'qvel_rew_median': np.float32(nan), 'qvel_rew_mean': np.float32(nan), 'improvement': np.float32(nan), 'rew_max': np.float32(nan), 'rew_min': np.float32(nan), 'rew_median': np.float32(nan), 'rew_mean': np.float32(nan), 'trace_sample': array([], shape=(6, 1000, 0, 3), dtype=float32)}
[optimize] iteration 4
info: {'qpos_dist_max': np.float32(nan), 'qpos_dist_min': np.float32(nan), 'qpos_dist_median': np.float32(nan), 'qpos_dist_mean': np.float32(nan), 'qvel_dist_max': np.float32(nan), 'qvel_dist_min': np.float32(nan), 'qvel_dist_median': np.float32(nan), 'qvel_dist_mean': np.float32(nan), 'qpos_rew_max': np.float32(nan), 'qpos_rew_min': np.float32(nan), 'qpos_rew_median': np.float32(nan), 'qpos_rew_mean': np.float32(nan), 'qvel_rew_max': np.float32(nan), 'qvel_rew_min': np.float32(nan), 'qvel_rew_median': np.float32(nan), 'qvel_rew_mean': np.float32(nan), 'improvement': np.float32(nan), 'rew_max': np.float32(nan), 'rew_min': np.float32(nan), 'rew_median': np.float32(nan), 'rew_mean': np.float32(nan), 'trace_sample': array([], shape=(6, 1000, 0, 3), dtype=float32)}
[optimize] iteration 5
info: {'qpos_dist_max': np.float32(nan), 'qpos_dist_min': np.float32(nan), 'qpos_dist_median': np.float32(nan), 'qpos_dist_mean': np.float32(nan), 'qvel_dist_max': np.float32(nan), 'qvel_dist_min': np.float32(nan), 'qvel_dist_median': np.float32(nan), 'qvel_dist_mean': np.float32(nan), 'qpos_rew_max': np.float32(nan), 'qpos_rew_min': np.float32(nan), 'qpos_rew_median': np.float32(nan), 'qpos_rew_mean': np.float32(nan), 'qvel_rew_max': np.float32(nan), 'qvel_rew_min': np.float32(nan), 'qvel_rew_median': np.float32(nan), 'qvel_rew_mean': np.float32(nan), 'improvement': np.float32(nan), 'rew_max': np.float32(nan), 'rew_min': np.float32(nan), 'rew_median': np.float32(nan), 'rew_mean': np.float32(nan), 'trace_sample': array([], shape=(6, 1000, 0, 3), dtype=float32)}
[optimize] iteration 6
info: {'qpos_dist_max': np.float32(nan), 'qpos_dist_min': np.float32(nan), 'qpos_dist_median': np.float32(nan), 'qpos_dist_mean': np.float32(nan), 'qvel_dist_max': np.float32(nan), 'qvel_dist_min': np.float32(nan), 'qvel_dist_median': np.float32(nan), 'qvel_dist_mean': np.float32(nan), 'qpos_rew_max': np.float32(nan), 'qpos_rew_min': np.float32(nan), 'qpos_rew_median': np.float32(nan), 'qpos_rew_mean': np.float32(nan), 'qvel_rew_max': np.float32(nan), 'qvel_rew_min': np.float32(nan), 'qvel_rew_median': np.float32(nan), 'qvel_rew_mean': np.float32(nan), 'improvement': np.float32(nan), 'rew_max': np.float32(nan), 'rew_min': np.float32(nan), 'rew_median': np.float32(nan), 'rew_mean': np.float32(nan), 'trace_sample': array([], shape=(6, 1000, 0, 3), dtype=float32)}
[optimize] iteration 7
info: {'qpos_dist_max': np.float32(nan), 'qpos_dist_min': np.float32(nan), 'qpos_dist_median': np.float32(nan), 'qpos_dist_mean': np.float32(nan), 'qvel_dist_max': np.float32(nan), 'qvel_dist_min': np.float32(nan), 'qvel_dist_median': np.float32(nan), 'qvel_dist_mean': np.float32(nan), 'qpos_rew_max': np.float32(nan), 'qpos_rew_min': np.float32(nan), 'qpos_rew_median': np.float32(nan), 'qpos_rew_mean': np.float32(nan), 'qvel_rew_max': np.float32(nan), 'qvel_rew_min': np.float32(nan), 'qvel_rew_median': np.float32(nan), 'qvel_rew_mean': np.float32(nan), 'improvement': np.float32(nan), 'rew_max': np.float32(nan), 'rew_min': np.float32(nan), 'rew_median': np.float32(nan), 'rew_mean': np.float32(nan), 'trace_sample': array([], shape=(6, 1000, 0, 3), dtype=float32)}
Finished optimizing
Realtime rate: 0.00, plan time: 124.1713s, sim_steps: 600/2670, opt_steps: 8[optimize] iteration 0
info: {'qpos_dist_max': np.float32(nan), 'qpos_dist_min': np.float32(nan), 'qpos_dist_median': np.float32(nan), 'qpos_dist_mean': np.float32(nan), 'qvel_dist_max': np.float32(nan), 'qvel_dist_min': np.float32(nan), 'qvel_dist_median': np.float32(nan), 'qvel_dist_mean': np.float32(nan), 'qpos_rew_max': np.float32(nan), 'qpos_rew_min': np.float32(nan), 'qpos_rew_median': np.float32(nan), 'qpos_rew_mean': np.float32(nan), 'qvel_rew_max': np.float32(nan), 'qvel_rew_min': np.float32(nan), 'qvel_rew_median': np.float32(nan), 'qvel_rew_mean': np.float32(nan), 'improvement': np.float32(nan), 'rew_max': np.float32(nan), 'rew_min': np.float32(nan), 'rew_median': np.float32(nan), 'rew_mean': np.float32(nan), 'trace_sample': array([], shape=(6, 1000, 0, 3), dtype=float32)}
[optimize] iteration 1
info: {'qpos_dist_max': np.float32(nan), 'qpos_dist_min': np.float32(nan), 'qpos_dist_median': np.float32(nan), 'qpos_dist_mean': np.float32(nan), 'qvel_dist_max': np.float32(nan), 'qvel_dist_min': np.float32(nan), 'qvel_dist_median': np.float32(nan), 'qvel_dist_mean': np.float32(nan), 'qpos_rew_max': np.float32(nan), 'qpos_rew_min': np.float32(nan), 'qpos_rew_median': np.float32(nan), 'qpos_rew_mean': np.float32(nan), 'qvel_rew_max': np.float32(nan), 'qvel_rew_min': np.float32(nan), 'qvel_rew_median': np.float32(nan), 'qvel_rew_mean': np.float32(nan), 'improvement': np.float32(nan), 'rew_max': np.float32(nan), 'rew_min': np.float32(nan), 'rew_median': np.float32(nan), 'rew_mean': np.float32(nan), 'trace_sample': array([], shape=(6, 1000, 0, 3), dtype=float32)}
[optimize] iteration 2
info: {'qpos_dist_max': np.float32(nan), 'qpos_dist_min': np.float32(nan), 'qpos_dist_median': np.float32(nan), 'qpos_dist_mean': np.float32(nan), 'qvel_dist_max': np.float32(nan), 'qvel_dist_min': np.float32(nan), 'qvel_dist_median': np.float32(nan), 'qvel_dist_mean': np.float32(nan), 'qpos_rew_max': np.float32(nan), 'qpos_rew_min': np.float32(nan), 'qpos_rew_median': np.float32(nan), 'qpos_rew_mean': np.float32(nan), 'qvel_rew_max': np.float32(nan), 'qvel_rew_min': np.float32(nan), 'qvel_rew_median': np.float32(nan), 'qvel_rew_mean': np.float32(nan), 'improvement': np.float32(nan), 'rew_max': np.float32(nan), 'rew_min': np.float32(nan), 'rew_median': np.float32(nan), 'rew_mean': np.float32(nan), 'trace_sample': array([], shape=(6, 1000, 0, 3), dtype=float32)}
[optimize] iteration 3
info: {'qpos_dist_max': np.float32(nan), 'qpos_dist_min': np.float32(nan), 'qpos_dist_median': np.float32(nan), 'qpos_dist_mean': np.float32(nan), 'qvel_dist_max': np.float32(nan), 'qvel_dist_min': np.float32(nan), 'qvel_dist_median': np.float32(nan), 'qvel_dist_mean': np.float32(nan), 'qpos_rew_max': np.float32(nan), 'qpos_rew_min': np.float32(nan), 'qpos_rew_median': np.float32(nan), 'qpos_rew_mean': np.float32(nan), 'qvel_rew_max': np.float32(nan), 'qvel_rew_min': np.float32(nan), 'qvel_rew_median': np.float32(nan), 'qvel_rew_mean': np.float32(nan), 'improvement': np.float32(nan), 'rew_max': np.float32(nan), 'rew_min': np.float32(nan), 'rew_median': np.float32(nan), 'rew_mean': np.float32(nan), 'trace_sample': array([], shape=(6, 1000, 0, 3), dtype=float32)}
[optimize] iteration 4
info: {'qpos_dist_max': np.float32(nan), 'qpos_dist_min': np.float32(nan), 'qpos_dist_median': np.float32(nan), 'qpos_dist_mean': np.float32(nan), 'qvel_dist_max': np.float32(nan), 'qvel_dist_min': np.float32(nan), 'qvel_dist_median': np.float32(nan), 'qvel_dist_mean': np.float32(nan), 'qpos_rew_max': np.float32(nan), 'qpos_rew_min': np.float32(nan), 'qpos_rew_median': np.float32(nan), 'qpos_rew_mean': np.float32(nan), 'qvel_rew_max': np.float32(nan), 'qvel_rew_min': np.float32(nan), 'qvel_rew_median': np.float32(nan), 'qvel_rew_mean': np.float32(nan), 'improvement': np.float32(nan), 'rew_max': np.float32(nan), 'rew_min': np.float32(nan), 'rew_median': np.float32(nan), 'rew_mean': np.float32(nan), 'trace_sample': array([], shape=(6, 1000, 0, 3), dtype=float32)}
[optimize] iteration 5
info: {'qpos_dist_max': np.float32(nan), 'qpos_dist_min': np.float32(nan), 'qpos_dist_median': np.float32(nan), 'qpos_dist_mean': np.float32(nan), 'qvel_dist_max': np.float32(nan), 'qvel_dist_min': np.float32(nan), 'qvel_dist_median': np.float32(nan), 'qvel_dist_mean': np.float32(nan), 'qpos_rew_max': np.float32(nan), 'qpos_rew_min': np.float32(nan), 'qpos_rew_median': np.float32(nan), 'qpos_rew_mean': np.float32(nan), 'qvel_rew_max': np.float32(nan), 'qvel_rew_min': np.float32(nan), 'qvel_rew_median': np.float32(nan), 'qvel_rew_mean': np.float32(nan), 'improvement': np.float32(nan), 'rew_max': np.float32(nan), 'rew_min': np.float32(nan), 'rew_median': np.float32(nan), 'rew_mean': np.float32(nan), 'trace_sample': array([], shape=(6, 1000, 0, 3), dtype=float32)}
[optimize] iteration 6
info: {'qpos_dist_max': np.float32(nan), 'qpos_dist_min': np.float32(nan), 'qpos_dist_median': np.float32(nan), 'qpos_dist_mean': np.float32(nan), 'qvel_dist_max': np.float32(nan), 'qvel_dist_min': np.float32(nan), 'qvel_dist_median': np.float32(nan), 'qvel_dist_mean': np.float32(nan), 'qpos_rew_max': np.float32(nan), 'qpos_rew_min': np.float32(nan), 'qpos_rew_median': np.float32(nan), 'qpos_rew_mean': np.float32(nan), 'qvel_rew_max': np.float32(nan), 'qvel_rew_min': np.float32(nan), 'qvel_rew_median': np.float32(nan), 'qvel_rew_mean': np.float32(nan), 'improvement': np.float32(nan), 'rew_max': np.float32(nan), 'rew_min': np.float32(nan), 'rew_median': np.float32(nan), 'rew_mean': np.float32(nan), 'trace_sample': array([], shape=(6, 1000, 0, 3), dtype=float32)}
[optimize] iteration 7
info: {'qpos_dist_max': np.float32(nan), 'qpos_dist_min': np.float32(nan), 'qpos_dist_median': np.float32(nan), 'qpos_dist_mean': np.float32(nan), 'qvel_dist_max': np.float32(nan), 'qvel_dist_min': np.float32(nan), 'qvel_dist_median': np.float32(nan), 'qvel_dist_mean': np.float32(nan), 'qpos_rew_max': np.float32(nan), 'qpos_rew_min': np.float32(nan), 'qpos_rew_median': np.float32(nan), 'qpos_rew_mean': np.float32(nan), 'qvel_rew_max': np.float32(nan), 'qvel_rew_min': np.float32(nan), 'qvel_rew_median': np.float32(nan), 'qvel_rew_mean': np.float32(nan), 'improvement': np.float32(nan), 'rew_max': np.float32(nan), 'rew_min': np.float32(nan), 'rew_median': np.float32(nan), 'rew_mean': np.float32(nan), 'trace_sample': array([], shape=(6, 1000, 0, 3), dtype=float32)}
Finished optimizing
Realtime rate: 0.00, plan time: 134.2043s, sim_steps: 800/2670, opt_steps: 8[optimize] iteration 0
info: {'qpos_dist_max': np.float32(nan), 'qpos_dist_min': np.float32(nan), 'qpos_dist_median': np.float32(nan), 'qpos_dist_mean': np.float32(nan), 'qvel_dist_max': np.float32(nan), 'qvel_dist_min': np.float32(nan), 'qvel_dist_median': np.float32(nan), 'qvel_dist_mean': np.float32(nan), 'qpos_rew_max': np.float32(nan), 'qpos_rew_min': np.float32(nan), 'qpos_rew_median': np.float32(nan), 'qpos_rew_mean': np.float32(nan), 'qvel_rew_max': np.float32(nan), 'qvel_rew_min': np.float32(nan), 'qvel_rew_median': np.float32(nan), 'qvel_rew_mean': np.float32(nan), 'improvement': np.float32(nan), 'rew_max': np.float32(nan), 'rew_min': np.float32(nan), 'rew_median': np.float32(nan), 'rew_mean': np.float32(nan), 'trace_sample': array([], shape=(6, 1000, 0, 3), dtype=float32)}
[optimize] iteration 1
info: {'qpos_dist_max': np.float32(nan), 'qpos_dist_min': np.float32(nan), 'qpos_dist_median': np.float32(nan), 'qpos_dist_mean': np.float32(nan), 'qvel_dist_max': np.float32(nan), 'qvel_dist_min': np.float32(nan), 'qvel_dist_median': np.float32(nan), 'qvel_dist_mean': np.float32(nan), 'qpos_rew_max': np.float32(nan), 'qpos_rew_min': np.float32(nan), 'qpos_rew_median': np.float32(nan), 'qpos_rew_mean': np.float32(nan), 'qvel_rew_max': np.float32(nan), 'qvel_rew_min': np.float32(nan), 'qvel_rew_median': np.float32(nan), 'qvel_rew_mean': np.float32(nan), 'improvement': np.float32(nan), 'rew_max': np.float32(nan), 'rew_min': np.float32(nan), 'rew_median': np.float32(nan), 'rew_mean': np.float32(nan), 'trace_sample': array([], shape=(6, 1000, 0, 3), dtype=float32)}
[optimize] iteration 2
info: {'qpos_dist_max': np.float32(nan), 'qpos_dist_min': np.float32(nan), 'qpos_dist_median': np.float32(nan), 'qpos_dist_mean': np.float32(nan), 'qvel_dist_max': np.float32(nan), 'qvel_dist_min': np.float32(nan), 'qvel_dist_median': np.float32(nan), 'qvel_dist_mean': np.float32(nan), 'qpos_rew_max': np.float32(nan), 'qpos_rew_min': np.float32(nan), 'qpos_rew_median': np.float32(nan), 'qpos_rew_mean': np.float32(nan), 'qvel_rew_max': np.float32(nan), 'qvel_rew_min': np.float32(nan), 'qvel_rew_median': np.float32(nan), 'qvel_rew_mean': np.float32(nan), 'improvement': np.float32(nan), 'rew_max': np.float32(nan), 'rew_min': np.float32(nan), 'rew_median': np.float32(nan), 'rew_mean': np.float32(nan), 'trace_sample': array([], shape=(6, 1000, 0, 3), dtype=float32)}
[optimize] iteration 3
info: {'qpos_dist_max': np.float32(nan), 'qpos_dist_min': np.float32(nan), 'qpos_dist_median': np.float32(nan), 'qpos_dist_mean': np.float32(nan), 'qvel_dist_max': np.float32(nan), 'qvel_dist_min': np.float32(nan), 'qvel_dist_median': np.float32(nan), 'qvel_dist_mean': np.float32(nan), 'qpos_rew_max': np.float32(nan), 'qpos_rew_min': np.float32(nan), 'qpos_rew_median': np.float32(nan), 'qpos_rew_mean': np.float32(nan), 'qvel_rew_max': np.float32(nan), 'qvel_rew_min': np.float32(nan), 'qvel_rew_median': np.float32(nan), 'qvel_rew_mean': np.float32(nan), 'improvement': np.float32(nan), 'rew_max': np.float32(nan), 'rew_min': np.float32(nan), 'rew_median': np.float32(nan), 'rew_mean': np.float32(nan), 'trace_sample': array([], shape=(6, 1000, 0, 3), dtype=float32)}
[optimize] iteration 4
info: {'qpos_dist_max': np.float32(nan), 'qpos_dist_min': np.float32(nan), 'qpos_dist_median': np.float32(nan), 'qpos_dist_mean': np.float32(nan), 'qvel_dist_max': np.float32(nan), 'qvel_dist_min': np.float32(nan), 'qvel_dist_median': np.float32(nan), 'qvel_dist_mean': np.float32(nan), 'qpos_rew_max': np.float32(nan), 'qpos_rew_min': np.float32(nan), 'qpos_rew_median': np.float32(nan), 'qpos_rew_mean': np.float32(nan), 'qvel_rew_max': np.float32(nan), 'qvel_rew_min': np.float32(nan), 'qvel_rew_median': np.float32(nan), 'qvel_rew_mean': np.float32(nan), 'improvement': np.float32(nan), 'rew_max': np.float32(nan), 'rew_min': np.float32(nan), 'rew_median': np.float32(nan), 'rew_mean': np.float32(nan), 'trace_sample': array([], shape=(6, 1000, 0, 3), dtype=float32)}
[optimize] iteration 5
info: {'qpos_dist_max': np.float32(nan), 'qpos_dist_min': np.float32(nan), 'qpos_dist_median': np.float32(nan), 'qpos_dist_mean': np.float32(nan), 'qvel_dist_max': np.float32(nan), 'qvel_dist_min': np.float32(nan), 'qvel_dist_median': np.float32(nan), 'qvel_dist_mean': np.float32(nan), 'qpos_rew_max': np.float32(nan), 'qpos_rew_min': np.float32(nan), 'qpos_rew_median': np.float32(nan), 'qpos_rew_mean': np.float32(nan), 'qvel_rew_max': np.float32(nan), 'qvel_rew_min': np.float32(nan), 'qvel_rew_median': np.float32(nan), 'qvel_rew_mean': np.float32(nan), 'improvement': np.float32(nan), 'rew_max': np.float32(nan), 'rew_min': np.float32(nan), 'rew_median': np.float32(nan), 'rew_mean': np.float32(nan), 'trace_sample': array([], shape=(6, 1000, 0, 3), dtype=float32)}
[optimize] iteration 6
info: {'qpos_dist_max': np.float32(nan), 'qpos_dist_min': np.float32(nan), 'qpos_dist_median': np.float32(nan), 'qpos_dist_mean': np.float32(nan), 'qvel_dist_max': np.float32(nan), 'qvel_dist_min': np.float32(nan), 'qvel_dist_median': np.float32(nan), 'qvel_dist_mean': np.float32(nan), 'qpos_rew_max': np.float32(nan), 'qpos_rew_min': np.float32(nan), 'qpos_rew_median': np.float32(nan), 'qpos_rew_mean': np.float32(nan), 'qvel_rew_max': np.float32(nan), 'qvel_rew_min': np.float32(nan), 'qvel_rew_median': np.float32(nan), 'qvel_rew_mean': np.float32(nan), 'improvement': np.float32(nan), 'rew_max': np.float32(nan), 'rew_min': np.float32(nan), 'rew_median': np.float32(nan), 'rew_mean': np.float32(nan), 'trace_sample': array([], shape=(6, 1000, 0, 3), dtype=float32)}
[optimize] iteration 7
info: {'qpos_dist_max': np.float32(nan), 'qpos_dist_min': np.float32(nan), 'qpos_dist_median': np.float32(nan), 'qpos_dist_mean': np.float32(nan), 'qvel_dist_max': np.float32(nan), 'qvel_dist_min': np.float32(nan), 'qvel_dist_median': np.float32(nan), 'qvel_dist_mean': np.float32(nan), 'qpos_rew_max': np.float32(nan), 'qpos_rew_min': np.float32(nan), 'qpos_rew_median': np.float32(nan), 'qpos_rew_mean': np.float32(nan), 'qvel_rew_max': np.float32(nan), 'qvel_rew_min': np.float32(nan), 'qvel_rew_median': np.float32(nan), 'qvel_rew_mean': np.float32(nan), 'improvement': np.float32(nan), 'rew_max': np.float32(nan), 'rew_min': np.float32(nan), 'rew_median': np.float32(nan), 'rew_mean': np.float32(nan), 'trace_sample': array([], shape=(6, 1000, 0, 3), dtype=float32)}
Finished optimizing
Realtime rate: 0.00, plan time: 119.5108s, sim_steps: 1000/2670, opt_steps: 8[optimize] iteration 0
info: {'qpos_dist_max': np.float32(nan), 'qpos_dist_min': np.float32(nan), 'qpos_dist_median': np.float32(nan), 'qpos_dist_mean': np.float32(nan), 'qvel_dist_max': np.float32(nan), 'qvel_dist_min': np.float32(nan), 'qvel_dist_median': np.float32(nan), 'qvel_dist_mean': np.float32(nan), 'qpos_rew_max': np.float32(nan), 'qpos_rew_min': np.float32(nan), 'qpos_rew_median': np.float32(nan), 'qpos_rew_mean': np.float32(nan), 'qvel_rew_max': np.float32(nan), 'qvel_rew_min': np.float32(nan), 'qvel_rew_median': np.float32(nan), 'qvel_rew_mean': np.float32(nan), 'improvement': np.float32(nan), 'rew_max': np.float32(nan), 'rew_min': np.float32(nan), 'rew_median': np.float32(nan), 'rew_mean': np.float32(nan), 'trace_sample': array([], shape=(6, 1000, 0, 3), dtype=float32)}
[optimize] iteration 1
info: {'qpos_dist_max': np.float32(nan), 'qpos_dist_min': np.float32(nan), 'qpos_dist_median': np.float32(nan), 'qpos_dist_mean': np.float32(nan), 'qvel_dist_max': np.float32(nan), 'qvel_dist_min': np.float32(nan), 'qvel_dist_median': np.float32(nan), 'qvel_dist_mean': np.float32(nan), 'qpos_rew_max': np.float32(nan), 'qpos_rew_min': np.float32(nan), 'qpos_rew_median': np.float32(nan), 'qpos_rew_mean': np.float32(nan), 'qvel_rew_max': np.float32(nan), 'qvel_rew_min': np.float32(nan), 'qvel_rew_median': np.float32(nan), 'qvel_rew_mean': np.float32(nan), 'improvement': np.float32(nan), 'rew_max': np.float32(nan), 'rew_min': np.float32(nan), 'rew_median': np.float32(nan), 'rew_mean': np.float32(nan), 'trace_sample': array([], shape=(6, 1000, 0, 3), dtype=float32)}
[optimize] iteration 2
info: {'qpos_dist_max': np.float32(nan), 'qpos_dist_min': np.float32(nan), 'qpos_dist_median': np.float32(nan), 'qpos_dist_mean': np.float32(nan), 'qvel_dist_max': np.float32(nan), 'qvel_dist_min': np.float32(nan), 'qvel_dist_median': np.float32(nan), 'qvel_dist_mean': np.float32(nan), 'qpos_rew_max': np.float32(nan), 'qpos_rew_min': np.float32(nan), 'qpos_rew_median': np.float32(nan), 'qpos_rew_mean': np.float32(nan), 'qvel_rew_max': np.float32(nan), 'qvel_rew_min': np.float32(nan), 'qvel_rew_median': np.float32(nan), 'qvel_rew_mean': np.float32(nan), 'improvement': np.float32(nan), 'rew_max': np.float32(nan), 'rew_min': np.float32(nan), 'rew_median': np.float32(nan), 'rew_mean': np.float32(nan), 'trace_sample': array([], shape=(6, 1000, 0, 3), dtype=float32)}
[optimize] iteration 3
info: {'qpos_dist_max': np.float32(nan), 'qpos_dist_min': np.float32(nan), 'qpos_dist_median': np.float32(nan), 'qpos_dist_mean': np.float32(nan), 'qvel_dist_max': np.float32(nan), 'qvel_dist_min': np.float32(nan), 'qvel_dist_median': np.float32(nan), 'qvel_dist_mean': np.float32(nan), 'qpos_rew_max': np.float32(nan), 'qpos_rew_min': np.float32(nan), 'qpos_rew_median': np.float32(nan), 'qpos_rew_mean': np.float32(nan), 'qvel_rew_max': np.float32(nan), 'qvel_rew_min': np.float32(nan), 'qvel_rew_median': np.float32(nan), 'qvel_rew_mean': np.float32(nan), 'improvement': np.float32(nan), 'rew_max': np.float32(nan), 'rew_min': np.float32(nan), 'rew_median': np.float32(nan), 'rew_mean': np.float32(nan), 'trace_sample': array([], shape=(6, 1000, 0, 3), dtype=float32)}
[optimize] iteration 4
info: {'qpos_dist_max': np.float32(nan), 'qpos_dist_min': np.float32(nan), 'qpos_dist_median': np.float32(nan), 'qpos_dist_mean': np.float32(nan), 'qvel_dist_max': np.float32(nan), 'qvel_dist_min': np.float32(nan), 'qvel_dist_median': np.float32(nan), 'qvel_dist_mean': np.float32(nan), 'qpos_rew_max': np.float32(nan), 'qpos_rew_min': np.float32(nan), 'qpos_rew_median': np.float32(nan), 'qpos_rew_mean': np.float32(nan), 'qvel_rew_max': np.float32(nan), 'qvel_rew_min': np.float32(nan), 'qvel_rew_median': np.float32(nan), 'qvel_rew_mean': np.float32(nan), 'improvement': np.float32(nan), 'rew_max': np.float32(nan), 'rew_min': np.float32(nan), 'rew_median': np.float32(nan), 'rew_mean': np.float32(nan), 'trace_sample': array([], shape=(6, 1000, 0, 3), dtype=float32)}
[optimize] iteration 5
info: {'qpos_dist_max': np.float32(nan), 'qpos_dist_min': np.float32(nan), 'qpos_dist_median': np.float32(nan), 'qpos_dist_mean': np.float32(nan), 'qvel_dist_max': np.float32(nan), 'qvel_dist_min': np.float32(nan), 'qvel_dist_median': np.float32(nan), 'qvel_dist_mean': np.float32(nan), 'qpos_rew_max': np.float32(nan), 'qpos_rew_min': np.float32(nan), 'qpos_rew_median': np.float32(nan), 'qpos_rew_mean': np.float32(nan), 'qvel_rew_max': np.float32(nan), 'qvel_rew_min': np.float32(nan), 'qvel_rew_median': np.float32(nan), 'qvel_rew_mean': np.float32(nan), 'improvement': np.float32(nan), 'rew_max': np.float32(nan), 'rew_min': np.float32(nan), 'rew_median': np.float32(nan), 'rew_mean': np.float32(nan), 'trace_sample': array([], shape=(6, 1000, 0, 3), dtype=float32)}
[optimize] iteration 6
info: {'qpos_dist_max': np.float32(nan), 'qpos_dist_min': np.float32(nan), 'qpos_dist_median': np.float32(nan), 'qpos_dist_mean': np.float32(nan), 'qvel_dist_max': np.float32(nan), 'qvel_dist_min': np.float32(nan), 'qvel_dist_median': np.float32(nan), 'qvel_dist_mean': np.float32(nan), 'qpos_rew_max': np.float32(nan), 'qpos_rew_min': np.float32(nan), 'qpos_rew_median': np.float32(nan), 'qpos_rew_mean': np.float32(nan), 'qvel_rew_max': np.float32(nan), 'qvel_rew_min': np.float32(nan), 'qvel_rew_median': np.float32(nan), 'qvel_rew_mean': np.float32(nan), 'improvement': np.float32(nan), 'rew_max': np.float32(nan), 'rew_min': np.float32(nan), 'rew_median': np.float32(nan), 'rew_mean': np.float32(nan), 'trace_sample': array([], shape=(6, 1000, 0, 3), dtype=float32)}
[optimize] iteration 7
info: {'qpos_dist_max': np.float32(nan), 'qpos_dist_min': np.float32(nan), 'qpos_dist_median': np.float32(nan), 'qpos_dist_mean': np.float32(nan), 'qvel_dist_max': np.float32(nan), 'qvel_dist_min': np.float32(nan), 'qvel_dist_median': np.float32(nan), 'qvel_dist_mean': np.float32(nan), 'qpos_rew_max': np.float32(nan), 'qpos_rew_min': np.float32(nan), 'qpos_rew_median': np.float32(nan), 'qpos_rew_mean': np.float32(nan), 'qvel_rew_max': np.float32(nan), 'qvel_rew_min': np.float32(nan), 'qvel_rew_median': np.float32(nan), 'qvel_rew_mean': np.float32(nan), 'improvement': np.float32(nan), 'rew_max': np.float32(nan), 'rew_min': np.float32(nan), 'rew_median': np.float32(nan), 'rew_mean': np.float32(nan), 'trace_sample': array([], shape=(6, 1000, 0, 3), dtype=float32)}
Finished optimizing
Realtime rate: 0.00, plan time: 101.4300s, sim_steps: 1200/2670, opt_steps: 8[optimize] iteration 0
info: {'qpos_dist_max': np.float32(nan), 'qpos_dist_min': np.float32(nan), 'qpos_dist_median': np.float32(nan), 'qpos_dist_mean': np.float32(nan), 'qvel_dist_max': np.float32(nan), 'qvel_dist_min': np.float32(nan), 'qvel_dist_median': np.float32(nan), 'qvel_dist_mean': np.float32(nan), 'qpos_rew_max': np.float32(nan), 'qpos_rew_min': np.float32(nan), 'qpos_rew_median': np.float32(nan), 'qpos_rew_mean': np.float32(nan), 'qvel_rew_max': np.float32(nan), 'qvel_rew_min': np.float32(nan), 'qvel_rew_median': np.float32(nan), 'qvel_rew_mean': np.float32(nan), 'improvement': np.float32(nan), 'rew_max': np.float32(nan), 'rew_min': np.float32(nan), 'rew_median': np.float32(nan), 'rew_mean': np.float32(nan), 'trace_sample': array([], shape=(6, 1000, 0, 3), dtype=float32)}
[optimize] iteration 1
info: {'qpos_dist_max': np.float32(nan), 'qpos_dist_min': np.float32(nan), 'qpos_dist_median': np.float32(nan), 'qpos_dist_mean': np.float32(nan), 'qvel_dist_max': np.float32(nan), 'qvel_dist_min': np.float32(nan), 'qvel_dist_median': np.float32(nan), 'qvel_dist_mean': np.float32(nan), 'qpos_rew_max': np.float32(nan), 'qpos_rew_min': np.float32(nan), 'qpos_rew_median': np.float32(nan), 'qpos_rew_mean': np.float32(nan), 'qvel_rew_max': np.float32(nan), 'qvel_rew_min': np.float32(nan), 'qvel_rew_median': np.float32(nan), 'qvel_rew_mean': np.float32(nan), 'improvement': np.float32(nan), 'rew_max': np.float32(nan), 'rew_min': np.float32(nan), 'rew_median': np.float32(nan), 'rew_mean': np.float32(nan), 'trace_sample': array([], shape=(6, 1000, 0, 3), dtype=float32)}
[optimize] iteration 2
info: {'qpos_dist_max': np.float32(nan), 'qpos_dist_min': np.float32(nan), 'qpos_dist_median': np.float32(nan), 'qpos_dist_mean': np.float32(nan), 'qvel_dist_max': np.float32(nan), 'qvel_dist_min': np.float32(nan), 'qvel_dist_median': np.float32(nan), 'qvel_dist_mean': np.float32(nan), 'qpos_rew_max': np.float32(nan), 'qpos_rew_min': np.float32(nan), 'qpos_rew_median': np.float32(nan), 'qpos_rew_mean': np.float32(nan), 'qvel_rew_max': np.float32(nan), 'qvel_rew_min': np.float32(nan), 'qvel_rew_median': np.float32(nan), 'qvel_rew_mean': np.float32(nan), 'improvement': np.float32(nan), 'rew_max': np.float32(nan), 'rew_min': np.float32(nan), 'rew_median': np.float32(nan), 'rew_mean': np.float32(nan), 'trace_sample': array([], shape=(6, 1000, 0, 3), dtype=float32)}
[optimize] iteration 3
info: {'qpos_dist_max': np.float32(nan), 'qpos_dist_min': np.float32(nan), 'qpos_dist_median': np.float32(nan), 'qpos_dist_mean': np.float32(nan), 'qvel_dist_max': np.float32(nan), 'qvel_dist_min': np.float32(nan), 'qvel_dist_median': np.float32(nan), 'qvel_dist_mean': np.float32(nan), 'qpos_rew_max': np.float32(nan), 'qpos_rew_min': np.float32(nan), 'qpos_rew_median': np.float32(nan), 'qpos_rew_mean': np.float32(nan), 'qvel_rew_max': np.float32(nan), 'qvel_rew_min': np.float32(nan), 'qvel_rew_median': np.float32(nan), 'qvel_rew_mean': np.float32(nan), 'improvement': np.float32(nan), 'rew_max': np.float32(nan), 'rew_min': np.float32(nan), 'rew_median': np.float32(nan), 'rew_mean': np.float32(nan), 'trace_sample': array([], shape=(6, 1000, 0, 3), dtype=float32)}
[optimize] iteration 4
info: {'qpos_dist_max': np.float32(nan), 'qpos_dist_min': np.float32(nan), 'qpos_dist_median': np.float32(nan), 'qpos_dist_mean': np.float32(nan), 'qvel_dist_max': np.float32(nan), 'qvel_dist_min': np.float32(nan), 'qvel_dist_median': np.float32(nan), 'qvel_dist_mean': np.float32(nan), 'qpos_rew_max': np.float32(nan), 'qpos_rew_min': np.float32(nan), 'qpos_rew_median': np.float32(nan), 'qpos_rew_mean': np.float32(nan), 'qvel_rew_max': np.float32(nan), 'qvel_rew_min': np.float32(nan), 'qvel_rew_median': np.float32(nan), 'qvel_rew_mean': np.float32(nan), 'improvement': np.float32(nan), 'rew_max': np.float32(nan), 'rew_min': np.float32(nan), 'rew_median': np.float32(nan), 'rew_mean': np.float32(nan), 'trace_sample': array([], shape=(6, 1000, 0, 3), dtype=float32)}
[optimize] iteration 5
info: {'qpos_dist_max': np.float32(nan), 'qpos_dist_min': np.float32(nan), 'qpos_dist_median': np.float32(nan), 'qpos_dist_mean': np.float32(nan), 'qvel_dist_max': np.float32(nan), 'qvel_dist_min': np.float32(nan), 'qvel_dist_median': np.float32(nan), 'qvel_dist_mean': np.float32(nan), 'qpos_rew_max': np.float32(nan), 'qpos_rew_min': np.float32(nan), 'qpos_rew_median': np.float32(nan), 'qpos_rew_mean': np.float32(nan), 'qvel_rew_max': np.float32(nan), 'qvel_rew_min': np.float32(nan), 'qvel_rew_median': np.float32(nan), 'qvel_rew_mean': np.float32(nan), 'improvement': np.float32(nan), 'rew_max': np.float32(nan), 'rew_min': np.float32(nan), 'rew_median': np.float32(nan), 'rew_mean': np.float32(nan), 'trace_sample': array([], shape=(6, 1000, 0, 3), dtype=float32)}
[optimize] iteration 6
info: {'qpos_dist_max': np.float32(nan), 'qpos_dist_min': np.float32(nan), 'qpos_dist_median': np.float32(nan), 'qpos_dist_mean': np.float32(nan), 'qvel_dist_max': np.float32(nan), 'qvel_dist_min': np.float32(nan), 'qvel_dist_median': np.float32(nan), 'qvel_dist_mean': np.float32(nan), 'qpos_rew_max': np.float32(nan), 'qpos_rew_min': np.float32(nan), 'qpos_rew_median': np.float32(nan), 'qpos_rew_mean': np.float32(nan), 'qvel_rew_max': np.float32(nan), 'qvel_rew_min': np.float32(nan), 'qvel_rew_median': np.float32(nan), 'qvel_rew_mean': np.float32(nan), 'improvement': np.float32(nan), 'rew_max': np.float32(nan), 'rew_min': np.float32(nan), 'rew_median': np.float32(nan), 'rew_mean': np.float32(nan), 'trace_sample': array([], shape=(6, 1000, 0, 3), dtype=float32)}
[optimize] iteration 7
info: {'qpos_dist_max': np.float32(nan), 'qpos_dist_min': np.float32(nan), 'qpos_dist_median': np.float32(nan), 'qpos_dist_mean': np.float32(nan), 'qvel_dist_max': np.float32(nan), 'qvel_dist_min': np.float32(nan), 'qvel_dist_median': np.float32(nan), 'qvel_dist_mean': np.float32(nan), 'qpos_rew_max': np.float32(nan), 'qpos_rew_min': np.float32(nan), 'qpos_rew_median': np.float32(nan), 'qpos_rew_mean': np.float32(nan), 'qvel_rew_max': np.float32(nan), 'qvel_rew_min': np.float32(nan), 'qvel_rew_median': np.float32(nan), 'qvel_rew_mean': np.float32(nan), 'improvement': np.float32(nan), 'rew_max': np.float32(nan), 'rew_min': np.float32(nan), 'rew_median': np.float32(nan), 'rew_mean': np.float32(nan), 'trace_sample': array([], shape=(6, 1000, 0, 3), dtype=float32)}
Finished optimizing
Realtime rate: 0.00, plan time: 103.4702s, sim_steps: 1400/2670, opt_steps: 8[optimize] iteration 0
info: {'qpos_dist_max': np.float32(nan), 'qpos_dist_min': np.float32(nan), 'qpos_dist_median': np.float32(nan), 'qpos_dist_mean': np.float32(nan), 'qvel_dist_max': np.float32(nan), 'qvel_dist_min': np.float32(nan), 'qvel_dist_median': np.float32(nan), 'qvel_dist_mean': np.float32(nan), 'qpos_rew_max': np.float32(nan), 'qpos_rew_min': np.float32(nan), 'qpos_rew_median': np.float32(nan), 'qpos_rew_mean': np.float32(nan), 'qvel_rew_max': np.float32(nan), 'qvel_rew_min': np.float32(nan), 'qvel_rew_median': np.float32(nan), 'qvel_rew_mean': np.float32(nan), 'improvement': np.float32(nan), 'rew_max': np.float32(nan), 'rew_min': np.float32(nan), 'rew_median': np.float32(nan), 'rew_mean': np.float32(nan), 'trace_sample': array([], shape=(6, 1000, 0, 3), dtype=float32)}
[optimize] iteration 1
info: {'qpos_dist_max': np.float32(nan), 'qpos_dist_min': np.float32(nan), 'qpos_dist_median': np.float32(nan), 'qpos_dist_mean': np.float32(nan), 'qvel_dist_max': np.float32(nan), 'qvel_dist_min': np.float32(nan), 'qvel_dist_median': np.float32(nan), 'qvel_dist_mean': np.float32(nan), 'qpos_rew_max': np.float32(nan), 'qpos_rew_min': np.float32(nan), 'qpos_rew_median': np.float32(nan), 'qpos_rew_mean': np.float32(nan), 'qvel_rew_max': np.float32(nan), 'qvel_rew_min': np.float32(nan), 'qvel_rew_median': np.float32(nan), 'qvel_rew_mean': np.float32(nan), 'improvement': np.float32(nan), 'rew_max': np.float32(nan), 'rew_min': np.float32(nan), 'rew_median': np.float32(nan), 'rew_mean': np.float32(nan), 'trace_sample': array([], shape=(6, 1000, 0, 3), dtype=float32)}
[optimize] iteration 2
info: {'qpos_dist_max': np.float32(nan), 'qpos_dist_min': np.float32(nan), 'qpos_dist_median': np.float32(nan), 'qpos_dist_mean': np.float32(nan), 'qvel_dist_max': np.float32(nan), 'qvel_dist_min': np.float32(nan), 'qvel_dist_median': np.float32(nan), 'qvel_dist_mean': np.float32(nan), 'qpos_rew_max': np.float32(nan), 'qpos_rew_min': np.float32(nan), 'qpos_rew_median': np.float32(nan), 'qpos_rew_mean': np.float32(nan), 'qvel_rew_max': np.float32(nan), 'qvel_rew_min': np.float32(nan), 'qvel_rew_median': np.float32(nan), 'qvel_rew_mean': np.float32(nan), 'improvement': np.float32(nan), 'rew_max': np.float32(nan), 'rew_min': np.float32(nan), 'rew_median': np.float32(nan), 'rew_mean': np.float32(nan), 'trace_sample': array([], shape=(6, 1000, 0, 3), dtype=float32)}
[optimize] iteration 3
info: {'qpos_dist_max': np.float32(nan), 'qpos_dist_min': np.float32(nan), 'qpos_dist_median': np.float32(nan), 'qpos_dist_mean': np.float32(nan), 'qvel_dist_max': np.float32(nan), 'qvel_dist_min': np.float32(nan), 'qvel_dist_median': np.float32(nan), 'qvel_dist_mean': np.float32(nan), 'qpos_rew_max': np.float32(nan), 'qpos_rew_min': np.float32(nan), 'qpos_rew_median': np.float32(nan), 'qpos_rew_mean': np.float32(nan), 'qvel_rew_max': np.float32(nan), 'qvel_rew_min': np.float32(nan), 'qvel_rew_median': np.float32(nan), 'qvel_rew_mean': np.float32(nan), 'improvement': np.float32(nan), 'rew_max': np.float32(nan), 'rew_min': np.float32(nan), 'rew_median': np.float32(nan), 'rew_mean': np.float32(nan), 'trace_sample': array([], shape=(6, 1000, 0, 3), dtype=float32)}
[optimize] iteration 4
info: {'qpos_dist_max': np.float32(nan), 'qpos_dist_min': np.float32(nan), 'qpos_dist_median': np.float32(nan), 'qpos_dist_mean': np.float32(nan), 'qvel_dist_max': np.float32(nan), 'qvel_dist_min': np.float32(nan), 'qvel_dist_median': np.float32(nan), 'qvel_dist_mean': np.float32(nan), 'qpos_rew_max': np.float32(nan), 'qpos_rew_min': np.float32(nan), 'qpos_rew_median': np.float32(nan), 'qpos_rew_mean': np.float32(nan), 'qvel_rew_max': np.float32(nan), 'qvel_rew_min': np.float32(nan), 'qvel_rew_median': np.float32(nan), 'qvel_rew_mean': np.float32(nan), 'improvement': np.float32(nan), 'rew_max': np.float32(nan), 'rew_min': np.float32(nan), 'rew_median': np.float32(nan), 'rew_mean': np.float32(nan), 'trace_sample': array([], shape=(6, 1000, 0, 3), dtype=float32)}
[optimize] iteration 5
info: {'qpos_dist_max': np.float32(nan), 'qpos_dist_min': np.float32(nan), 'qpos_dist_median': np.float32(nan), 'qpos_dist_mean': np.float32(nan), 'qvel_dist_max': np.float32(nan), 'qvel_dist_min': np.float32(nan), 'qvel_dist_median': np.float32(nan), 'qvel_dist_mean': np.float32(nan), 'qpos_rew_max': np.float32(nan), 'qpos_rew_min': np.float32(nan), 'qpos_rew_median': np.float32(nan), 'qpos_rew_mean': np.float32(nan), 'qvel_rew_max': np.float32(nan), 'qvel_rew_min': np.float32(nan), 'qvel_rew_median': np.float32(nan), 'qvel_rew_mean': np.float32(nan), 'improvement': np.float32(nan), 'rew_max': np.float32(nan), 'rew_min': np.float32(nan), 'rew_median': np.float32(nan), 'rew_mean': np.float32(nan), 'trace_sample': array([], shape=(6, 1000, 0, 3), dtype=float32)}
[optimize] iteration 6
info: {'qpos_dist_max': np.float32(nan), 'qpos_dist_min': np.float32(nan), 'qpos_dist_median': np.float32(nan), 'qpos_dist_mean': np.float32(nan), 'qvel_dist_max': np.float32(nan), 'qvel_dist_min': np.float32(nan), 'qvel_dist_median': np.float32(nan), 'qvel_dist_mean': np.float32(nan), 'qpos_rew_max': np.float32(nan), 'qpos_rew_min': np.float32(nan), 'qpos_rew_median': np.float32(nan), 'qpos_rew_mean': np.float32(nan), 'qvel_rew_max': np.float32(nan), 'qvel_rew_min': np.float32(nan), 'qvel_rew_median': np.float32(nan), 'qvel_rew_mean': np.float32(nan), 'improvement': np.float32(nan), 'rew_max': np.float32(nan), 'rew_min': np.float32(nan), 'rew_median': np.float32(nan), 'rew_mean': np.float32(nan), 'trace_sample': array([], shape=(6, 1000, 0, 3), dtype=float32)}
[optimize] iteration 7
info: {'qpos_dist_max': np.float32(nan), 'qpos_dist_min': np.float32(nan), 'qpos_dist_median': np.float32(nan), 'qpos_dist_mean': np.float32(nan), 'qvel_dist_max': np.float32(nan), 'qvel_dist_min': np.float32(nan), 'qvel_dist_median': np.float32(nan), 'qvel_dist_mean': np.float32(nan), 'qpos_rew_max': np.float32(nan), 'qpos_rew_min': np.float32(nan), 'qpos_rew_median': np.float32(nan), 'qpos_rew_mean': np.float32(nan), 'qvel_rew_max': np.float32(nan), 'qvel_rew_min': np.float32(nan), 'qvel_rew_median': np.float32(nan), 'qvel_rew_mean': np.float32(nan), 'improvement': np.float32(nan), 'rew_max': np.float32(nan), 'rew_min': np.float32(nan), 'rew_median': np.float32(nan), 'rew_mean': np.float32(nan), 'trace_sample': array([], shape=(6, 1000, 0, 3), dtype=float32)}
Finished optimizing
Realtime rate: 0.00, plan time: 101.1358s, sim_steps: 1600/2670, opt_steps: 8[optimize] iteration 0
info: {'qpos_dist_max': np.float32(nan), 'qpos_dist_min': np.float32(nan), 'qpos_dist_median': np.float32(nan), 'qpos_dist_mean': np.float32(nan), 'qvel_dist_max': np.float32(nan), 'qvel_dist_min': np.float32(nan), 'qvel_dist_median': np.float32(nan), 'qvel_dist_mean': np.float32(nan), 'qpos_rew_max': np.float32(nan), 'qpos_rew_min': np.float32(nan), 'qpos_rew_median': np.float32(nan), 'qpos_rew_mean': np.float32(nan), 'qvel_rew_max': np.float32(nan), 'qvel_rew_min': np.float32(nan), 'qvel_rew_median': np.float32(nan), 'qvel_rew_mean': np.float32(nan), 'improvement': np.float32(nan), 'rew_max': np.float32(nan), 'rew_min': np.float32(nan), 'rew_median': np.float32(nan), 'rew_mean': np.float32(nan), 'trace_sample': array([], shape=(6, 1000, 0, 3), dtype=float32)}
[optimize] iteration 1
info: {'qpos_dist_max': np.float32(nan), 'qpos_dist_min': np.float32(nan), 'qpos_dist_median': np.float32(nan), 'qpos_dist_mean': np.float32(nan), 'qvel_dist_max': np.float32(nan), 'qvel_dist_min': np.float32(nan), 'qvel_dist_median': np.float32(nan), 'qvel_dist_mean': np.float32(nan), 'qpos_rew_max': np.float32(nan), 'qpos_rew_min': np.float32(nan), 'qpos_rew_median': np.float32(nan), 'qpos_rew_mean': np.float32(nan), 'qvel_rew_max': np.float32(nan), 'qvel_rew_min': np.float32(nan), 'qvel_rew_median': np.float32(nan), 'qvel_rew_mean': np.float32(nan), 'improvement': np.float32(nan), 'rew_max': np.float32(nan), 'rew_min': np.float32(nan), 'rew_median': np.float32(nan), 'rew_mean': np.float32(nan), 'trace_sample': array([], shape=(6, 1000, 0, 3), dtype=float32)}
[optimize] iteration 2
info: {'qpos_dist_max': np.float32(nan), 'qpos_dist_min': np.float32(nan), 'qpos_dist_median': np.float32(nan), 'qpos_dist_mean': np.float32(nan), 'qvel_dist_max': np.float32(nan), 'qvel_dist_min': np.float32(nan), 'qvel_dist_median': np.float32(nan), 'qvel_dist_mean': np.float32(nan), 'qpos_rew_max': np.float32(nan), 'qpos_rew_min': np.float32(nan), 'qpos_rew_median': np.float32(nan), 'qpos_rew_mean': np.float32(nan), 'qvel_rew_max': np.float32(nan), 'qvel_rew_min': np.float32(nan), 'qvel_rew_median': np.float32(nan), 'qvel_rew_mean': np.float32(nan), 'improvement': np.float32(nan), 'rew_max': np.float32(nan), 'rew_min': np.float32(nan), 'rew_median': np.float32(nan), 'rew_mean': np.float32(nan), 'trace_sample': array([], shape=(6, 1000, 0, 3), dtype=float32)}
[optimize] iteration 3
info: {'qpos_dist_max': np.float32(nan), 'qpos_dist_min': np.float32(nan), 'qpos_dist_median': np.float32(nan), 'qpos_dist_mean': np.float32(nan), 'qvel_dist_max': np.float32(nan), 'qvel_dist_min': np.float32(nan), 'qvel_dist_median': np.float32(nan), 'qvel_dist_mean': np.float32(nan), 'qpos_rew_max': np.float32(nan), 'qpos_rew_min': np.float32(nan), 'qpos_rew_median': np.float32(nan), 'qpos_rew_mean': np.float32(nan), 'qvel_rew_max': np.float32(nan), 'qvel_rew_min': np.float32(nan), 'qvel_rew_median': np.float32(nan), 'qvel_rew_mean': np.float32(nan), 'improvement': np.float32(nan), 'rew_max': np.float32(nan), 'rew_min': np.float32(nan), 'rew_median': np.float32(nan), 'rew_mean': np.float32(nan), 'trace_sample': array([], shape=(6, 1000, 0, 3), dtype=float32)}
[optimize] iteration 4
info: {'qpos_dist_max': np.float32(nan), 'qpos_dist_min': np.float32(nan), 'qpos_dist_median': np.float32(nan), 'qpos_dist_mean': np.float32(nan), 'qvel_dist_max': np.float32(nan), 'qvel_dist_min': np.float32(nan), 'qvel_dist_median': np.float32(nan), 'qvel_dist_mean': np.float32(nan), 'qpos_rew_max': np.float32(nan), 'qpos_rew_min': np.float32(nan), 'qpos_rew_median': np.float32(nan), 'qpos_rew_mean': np.float32(nan), 'qvel_rew_max': np.float32(nan), 'qvel_rew_min': np.float32(nan), 'qvel_rew_median': np.float32(nan), 'qvel_rew_mean': np.float32(nan), 'improvement': np.float32(nan), 'rew_max': np.float32(nan), 'rew_min': np.float32(nan), 'rew_median': np.float32(nan), 'rew_mean': np.float32(nan), 'trace_sample': array([], shape=(6, 1000, 0, 3), dtype=float32)}
[optimize] iteration 5
info: {'qpos_dist_max': np.float32(nan), 'qpos_dist_min': np.float32(nan), 'qpos_dist_median': np.float32(nan), 'qpos_dist_mean': np.float32(nan), 'qvel_dist_max': np.float32(nan), 'qvel_dist_min': np.float32(nan), 'qvel_dist_median': np.float32(nan), 'qvel_dist_mean': np.float32(nan), 'qpos_rew_max': np.float32(nan), 'qpos_rew_min': np.float32(nan), 'qpos_rew_median': np.float32(nan), 'qpos_rew_mean': np.float32(nan), 'qvel_rew_max': np.float32(nan), 'qvel_rew_min': np.float32(nan), 'qvel_rew_median': np.float32(nan), 'qvel_rew_mean': np.float32(nan), 'improvement': np.float32(nan), 'rew_max': np.float32(nan), 'rew_min': np.float32(nan), 'rew_median': np.float32(nan), 'rew_mean': np.float32(nan), 'trace_sample': array([], shape=(6, 1000, 0, 3), dtype=float32)}
[optimize] iteration 6
info: {'qpos_dist_max': np.float32(nan), 'qpos_dist_min': np.float32(nan), 'qpos_dist_median': np.float32(nan), 'qpos_dist_mean': np.float32(nan), 'qvel_dist_max': np.float32(nan), 'qvel_dist_min': np.float32(nan), 'qvel_dist_median': np.float32(nan), 'qvel_dist_mean': np.float32(nan), 'qpos_rew_max': np.float32(nan), 'qpos_rew_min': np.float32(nan), 'qpos_rew_median': np.float32(nan), 'qpos_rew_mean': np.float32(nan), 'qvel_rew_max': np.float32(nan), 'qvel_rew_min': np.float32(nan), 'qvel_rew_median': np.float32(nan), 'qvel_rew_mean': np.float32(nan), 'improvement': np.float32(nan), 'rew_max': np.float32(nan), 'rew_min': np.float32(nan), 'rew_median': np.float32(nan), 'rew_mean': np.float32(nan), 'trace_sample': array([], shape=(6, 1000, 0, 3), dtype=float32)}
[optimize] iteration 7
info: {'qpos_dist_max': np.float32(nan), 'qpos_dist_min': np.float32(nan), 'qpos_dist_median': np.float32(nan), 'qpos_dist_mean': np.float32(nan), 'qvel_dist_max': np.float32(nan), 'qvel_dist_min': np.float32(nan), 'qvel_dist_median': np.float32(nan), 'qvel_dist_mean': np.float32(nan), 'qpos_rew_max': np.float32(nan), 'qpos_rew_min': np.float32(nan), 'qpos_rew_median': np.float32(nan), 'qpos_rew_mean': np.float32(nan), 'qvel_rew_max': np.float32(nan), 'qvel_rew_min': np.float32(nan), 'qvel_rew_median': np.float32(nan), 'qvel_rew_mean': np.float32(nan), 'improvement': np.float32(nan), 'rew_max': np.float32(nan), 'rew_min': np.float32(nan), 'rew_median': np.float32(nan), 'rew_mean': np.float32(nan), 'trace_sample': array([], shape=(6, 1000, 0, 3), dtype=float32)}
Finished optimizing
Realtime rate: 0.00, plan time: 87.7103s, sim_steps: 1800/2670, opt_steps: 8[optimize] iteration 0
info: {'qpos_dist_max': np.float32(nan), 'qpos_dist_min': np.float32(nan), 'qpos_dist_median': np.float32(nan), 'qpos_dist_mean': np.float32(nan), 'qvel_dist_max': np.float32(nan), 'qvel_dist_min': np.float32(nan), 'qvel_dist_median': np.float32(nan), 'qvel_dist_mean': np.float32(nan), 'qpos_rew_max': np.float32(nan), 'qpos_rew_min': np.float32(nan), 'qpos_rew_median': np.float32(nan), 'qpos_rew_mean': np.float32(nan), 'qvel_rew_max': np.float32(nan), 'qvel_rew_min': np.float32(nan), 'qvel_rew_median': np.float32(nan), 'qvel_rew_mean': np.float32(nan), 'improvement': np.float32(nan), 'rew_max': np.float32(nan), 'rew_min': np.float32(nan), 'rew_median': np.float32(nan), 'rew_mean': np.float32(nan), 'trace_sample': array([], shape=(6, 1000, 0, 3), dtype=float32)}
[optimize] iteration 1
info: {'qpos_dist_max': np.float32(nan), 'qpos_dist_min': np.float32(nan), 'qpos_dist_median': np.float32(nan), 'qpos_dist_mean': np.float32(nan), 'qvel_dist_max': np.float32(nan), 'qvel_dist_min': np.float32(nan), 'qvel_dist_median': np.float32(nan), 'qvel_dist_mean': np.float32(nan), 'qpos_rew_max': np.float32(nan), 'qpos_rew_min': np.float32(nan), 'qpos_rew_median': np.float32(nan), 'qpos_rew_mean': np.float32(nan), 'qvel_rew_max': np.float32(nan), 'qvel_rew_min': np.float32(nan), 'qvel_rew_median': np.float32(nan), 'qvel_rew_mean': np.float32(nan), 'improvement': np.float32(nan), 'rew_max': np.float32(nan), 'rew_min': np.float32(nan), 'rew_median': np.float32(nan), 'rew_mean': np.float32(nan), 'trace_sample': array([], shape=(6, 1000, 0, 3), dtype=float32)}
[optimize] iteration 2
info: {'qpos_dist_max': np.float32(nan), 'qpos_dist_min': np.float32(nan), 'qpos_dist_median': np.float32(nan), 'qpos_dist_mean': np.float32(nan), 'qvel_dist_max': np.float32(nan), 'qvel_dist_min': np.float32(nan), 'qvel_dist_median': np.float32(nan), 'qvel_dist_mean': np.float32(nan), 'qpos_rew_max': np.float32(nan), 'qpos_rew_min': np.float32(nan), 'qpos_rew_median': np.float32(nan), 'qpos_rew_mean': np.float32(nan), 'qvel_rew_max': np.float32(nan), 'qvel_rew_min': np.float32(nan), 'qvel_rew_median': np.float32(nan), 'qvel_rew_mean': np.float32(nan), 'improvement': np.float32(nan), 'rew_max': np.float32(nan), 'rew_min': np.float32(nan), 'rew_median': np.float32(nan), 'rew_mean': np.float32(nan), 'trace_sample': array([], shape=(6, 1000, 0, 3), dtype=float32)}
[optimize] iteration 3
info: {'qpos_dist_max': np.float32(nan), 'qpos_dist_min': np.float32(nan), 'qpos_dist_median': np.float32(nan), 'qpos_dist_mean': np.float32(nan), 'qvel_dist_max': np.float32(nan), 'qvel_dist_min': np.float32(nan), 'qvel_dist_median': np.float32(nan), 'qvel_dist_mean': np.float32(nan), 'qpos_rew_max': np.float32(nan), 'qpos_rew_min': np.float32(nan), 'qpos_rew_median': np.float32(nan), 'qpos_rew_mean': np.float32(nan), 'qvel_rew_max': np.float32(nan), 'qvel_rew_min': np.float32(nan), 'qvel_rew_median': np.float32(nan), 'qvel_rew_mean': np.float32(nan), 'improvement': np.float32(nan), 'rew_max': np.float32(nan), 'rew_min': np.float32(nan), 'rew_median': np.float32(nan), 'rew_mean': np.float32(nan), 'trace_sample': array([], shape=(6, 1000, 0, 3), dtype=float32)}
[optimize] iteration 4
info: {'qpos_dist_max': np.float32(nan), 'qpos_dist_min': np.float32(nan), 'qpos_dist_median': np.float32(nan), 'qpos_dist_mean': np.float32(nan), 'qvel_dist_max': np.float32(nan), 'qvel_dist_min': np.float32(nan), 'qvel_dist_median': np.float32(nan), 'qvel_dist_mean': np.float32(nan), 'qpos_rew_max': np.float32(nan), 'qpos_rew_min': np.float32(nan), 'qpos_rew_median': np.float32(nan), 'qpos_rew_mean': np.float32(nan), 'qvel_rew_max': np.float32(nan), 'qvel_rew_min': np.float32(nan), 'qvel_rew_median': np.float32(nan), 'qvel_rew_mean': np.float32(nan), 'improvement': np.float32(nan), 'rew_max': np.float32(nan), 'rew_min': np.float32(nan), 'rew_median': np.float32(nan), 'rew_mean': np.float32(nan), 'trace_sample': array([], shape=(6, 1000, 0, 3), dtype=float32)}
[optimize] iteration 5
info: {'qpos_dist_max': np.float32(nan), 'qpos_dist_min': np.float32(nan), 'qpos_dist_median': np.float32(nan), 'qpos_dist_mean': np.float32(nan), 'qvel_dist_max': np.float32(nan), 'qvel_dist_min': np.float32(nan), 'qvel_dist_median': np.float32(nan), 'qvel_dist_mean': np.float32(nan), 'qpos_rew_max': np.float32(nan), 'qpos_rew_min': np.float32(nan), 'qpos_rew_median': np.float32(nan), 'qpos_rew_mean': np.float32(nan), 'qvel_rew_max': np.float32(nan), 'qvel_rew_min': np.float32(nan), 'qvel_rew_median': np.float32(nan), 'qvel_rew_mean': np.float32(nan), 'improvement': np.float32(nan), 'rew_max': np.float32(nan), 'rew_min': np.float32(nan), 'rew_median': np.float32(nan), 'rew_mean': np.float32(nan), 'trace_sample': array([], shape=(6, 1000, 0, 3), dtype=float32)}
[optimize] iteration 6
info: {'qpos_dist_max': np.float32(nan), 'qpos_dist_min': np.float32(nan), 'qpos_dist_median': np.float32(nan), 'qpos_dist_mean': np.float32(nan), 'qvel_dist_max': np.float32(nan), 'qvel_dist_min': np.float32(nan), 'qvel_dist_median': np.float32(nan), 'qvel_dist_mean': np.float32(nan), 'qpos_rew_max': np.float32(nan), 'qpos_rew_min': np.float32(nan), 'qpos_rew_median': np.float32(nan), 'qpos_rew_mean': np.float32(nan), 'qvel_rew_max': np.float32(nan), 'qvel_rew_min': np.float32(nan), 'qvel_rew_median': np.float32(nan), 'qvel_rew_mean': np.float32(nan), 'improvement': np.float32(nan), 'rew_max': np.float32(nan), 'rew_min': np.float32(nan), 'rew_median': np.float32(nan), 'rew_mean': np.float32(nan), 'trace_sample': array([], shape=(6, 1000, 0, 3), dtype=float32)}
[optimize] iteration 7
info: {'qpos_dist_max': np.float32(nan), 'qpos_dist_min': np.float32(nan), 'qpos_dist_median': np.float32(nan), 'qpos_dist_mean': np.float32(nan), 'qvel_dist_max': np.float32(nan), 'qvel_dist_min': np.float32(nan), 'qvel_dist_median': np.float32(nan), 'qvel_dist_mean': np.float32(nan), 'qpos_rew_max': np.float32(nan), 'qpos_rew_min': np.float32(nan), 'qpos_rew_median': np.float32(nan), 'qpos_rew_mean': np.float32(nan), 'qvel_rew_max': np.float32(nan), 'qvel_rew_min': np.float32(nan), 'qvel_rew_median': np.float32(nan), 'qvel_rew_mean': np.float32(nan), 'improvement': np.float32(nan), 'rew_max': np.float32(nan), 'rew_min': np.float32(nan), 'rew_median': np.float32(nan), 'rew_mean': np.float32(nan), 'trace_sample': array([], shape=(6, 1000, 0, 3), dtype=float32)}
Finished optimizing
Realtime rate: 0.00, plan time: 87.1561s, sim_steps: 2000/2670, opt_steps: 8[optimize] iteration 0
info: {'qpos_dist_max': np.float32(nan), 'qpos_dist_min': np.float32(nan), 'qpos_dist_median': np.float32(nan), 'qpos_dist_mean': np.float32(nan), 'qvel_dist_max': np.float32(nan), 'qvel_dist_min': np.float32(nan), 'qvel_dist_median': np.float32(nan), 'qvel_dist_mean': np.float32(nan), 'qpos_rew_max': np.float32(nan), 'qpos_rew_min': np.float32(nan), 'qpos_rew_median': np.float32(nan), 'qpos_rew_mean': np.float32(nan), 'qvel_rew_max': np.float32(nan), 'qvel_rew_min': np.float32(nan), 'qvel_rew_median': np.float32(nan), 'qvel_rew_mean': np.float32(nan), 'improvement': np.float32(nan), 'rew_max': np.float32(nan), 'rew_min': np.float32(nan), 'rew_median': np.float32(nan), 'rew_mean': np.float32(nan), 'trace_sample': array([], shape=(6, 1000, 0, 3), dtype=float32)}
[optimize] iteration 1
info: {'qpos_dist_max': np.float32(nan), 'qpos_dist_min': np.float32(nan), 'qpos_dist_median': np.float32(nan), 'qpos_dist_mean': np.float32(nan), 'qvel_dist_max': np.float32(nan), 'qvel_dist_min': np.float32(nan), 'qvel_dist_median': np.float32(nan), 'qvel_dist_mean': np.float32(nan), 'qpos_rew_max': np.float32(nan), 'qpos_rew_min': np.float32(nan), 'qpos_rew_median': np.float32(nan), 'qpos_rew_mean': np.float32(nan), 'qvel_rew_max': np.float32(nan), 'qvel_rew_min': np.float32(nan), 'qvel_rew_median': np.float32(nan), 'qvel_rew_mean': np.float32(nan), 'improvement': np.float32(nan), 'rew_max': np.float32(nan), 'rew_min': np.float32(nan), 'rew_median': np.float32(nan), 'rew_mean': np.float32(nan), 'trace_sample': array([], shape=(6, 1000, 0, 3), dtype=float32)}
[optimize] iteration 2
info: {'qpos_dist_max': np.float32(nan), 'qpos_dist_min': np.float32(nan), 'qpos_dist_median': np.float32(nan), 'qpos_dist_mean': np.float32(nan), 'qvel_dist_max': np.float32(nan), 'qvel_dist_min': np.float32(nan), 'qvel_dist_median': np.float32(nan), 'qvel_dist_mean': np.float32(nan), 'qpos_rew_max': np.float32(nan), 'qpos_rew_min': np.float32(nan), 'qpos_rew_median': np.float32(nan), 'qpos_rew_mean': np.float32(nan), 'qvel_rew_max': np.float32(nan), 'qvel_rew_min': np.float32(nan), 'qvel_rew_median': np.float32(nan), 'qvel_rew_mean': np.float32(nan), 'improvement': np.float32(nan), 'rew_max': np.float32(nan), 'rew_min': np.float32(nan), 'rew_median': np.float32(nan), 'rew_mean': np.float32(nan), 'trace_sample': array([], shape=(6, 1000, 0, 3), dtype=float32)}
[optimize] iteration 3
info: {'qpos_dist_max': np.float32(nan), 'qpos_dist_min': np.float32(nan), 'qpos_dist_median': np.float32(nan), 'qpos_dist_mean': np.float32(nan), 'qvel_dist_max': np.float32(nan), 'qvel_dist_min': np.float32(nan), 'qvel_dist_median': np.float32(nan), 'qvel_dist_mean': np.float32(nan), 'qpos_rew_max': np.float32(nan), 'qpos_rew_min': np.float32(nan), 'qpos_rew_median': np.float32(nan), 'qpos_rew_mean': np.float32(nan), 'qvel_rew_max': np.float32(nan), 'qvel_rew_min': np.float32(nan), 'qvel_rew_median': np.float32(nan), 'qvel_rew_mean': np.float32(nan), 'improvement': np.float32(nan), 'rew_max': np.float32(nan), 'rew_min': np.float32(nan), 'rew_median': np.float32(nan), 'rew_mean': np.float32(nan), 'trace_sample': array([], shape=(6, 1000, 0, 3), dtype=float32)}
[optimize] iteration 4
info: {'qpos_dist_max': np.float32(nan), 'qpos_dist_min': np.float32(nan), 'qpos_dist_median': np.float32(nan), 'qpos_dist_mean': np.float32(nan), 'qvel_dist_max': np.float32(nan), 'qvel_dist_min': np.float32(nan), 'qvel_dist_median': np.float32(nan), 'qvel_dist_mean': np.float32(nan), 'qpos_rew_max': np.float32(nan), 'qpos_rew_min': np.float32(nan), 'qpos_rew_median': np.float32(nan), 'qpos_rew_mean': np.float32(nan), 'qvel_rew_max': np.float32(nan), 'qvel_rew_min': np.float32(nan), 'qvel_rew_median': np.float32(nan), 'qvel_rew_mean': np.float32(nan), 'improvement': np.float32(nan), 'rew_max': np.float32(nan), 'rew_min': np.float32(nan), 'rew_median': np.float32(nan), 'rew_mean': np.float32(nan), 'trace_sample': array([], shape=(6, 1000, 0, 3), dtype=float32)}
[optimize] iteration 5
info: {'qpos_dist_max': np.float32(nan), 'qpos_dist_min': np.float32(nan), 'qpos_dist_median': np.float32(nan), 'qpos_dist_mean': np.float32(nan), 'qvel_dist_max': np.float32(nan), 'qvel_dist_min': np.float32(nan), 'qvel_dist_median': np.float32(nan), 'qvel_dist_mean': np.float32(nan), 'qpos_rew_max': np.float32(nan), 'qpos_rew_min': np.float32(nan), 'qpos_rew_median': np.float32(nan), 'qpos_rew_mean': np.float32(nan), 'qvel_rew_max': np.float32(nan), 'qvel_rew_min': np.float32(nan), 'qvel_rew_median': np.float32(nan), 'qvel_rew_mean': np.float32(nan), 'improvement': np.float32(nan), 'rew_max': np.float32(nan), 'rew_min': np.float32(nan), 'rew_median': np.float32(nan), 'rew_mean': np.float32(nan), 'trace_sample': array([], shape=(6, 1000, 0, 3), dtype=float32)}
[optimize] iteration 6
info: {'qpos_dist_max': np.float32(nan), 'qpos_dist_min': np.float32(nan), 'qpos_dist_median': np.float32(nan), 'qpos_dist_mean': np.float32(nan), 'qvel_dist_max': np.float32(nan), 'qvel_dist_min': np.float32(nan), 'qvel_dist_median': np.float32(nan), 'qvel_dist_mean': np.float32(nan), 'qpos_rew_max': np.float32(nan), 'qpos_rew_min': np.float32(nan), 'qpos_rew_median': np.float32(nan), 'qpos_rew_mean': np.float32(nan), 'qvel_rew_max': np.float32(nan), 'qvel_rew_min': np.float32(nan), 'qvel_rew_median': np.float32(nan), 'qvel_rew_mean': np.float32(nan), 'improvement': np.float32(nan), 'rew_max': np.float32(nan), 'rew_min': np.float32(nan), 'rew_median': np.float32(nan), 'rew_mean': np.float32(nan), 'trace_sample': array([], shape=(6, 1000, 0, 3), dtype=float32)}
[optimize] iteration 7
info: {'qpos_dist_max': np.float32(nan), 'qpos_dist_min': np.float32(nan), 'qpos_dist_median': np.float32(nan), 'qpos_dist_mean': np.float32(nan), 'qvel_dist_max': np.float32(nan), 'qvel_dist_min': np.float32(nan), 'qvel_dist_median': np.float32(nan), 'qvel_dist_mean': np.float32(nan), 'qpos_rew_max': np.float32(nan), 'qpos_rew_min': np.float32(nan), 'qpos_rew_median': np.float32(nan), 'qpos_rew_mean': np.float32(nan), 'qvel_rew_max': np.float32(nan), 'qvel_rew_min': np.float32(nan), 'qvel_rew_median': np.float32(nan), 'qvel_rew_mean': np.float32(nan), 'improvement': np.float32(nan), 'rew_max': np.float32(nan), 'rew_min': np.float32(nan), 'rew_median': np.float32(nan), 'rew_mean': np.float32(nan), 'trace_sample': array([], shape=(6, 1000, 0, 3), dtype=float32)}
Finished optimizing
Realtime rate: 0.00, plan time: 88.9897s, sim_steps: 2200/2670, opt_steps: 8[optimize] iteration 0
info: {'qpos_dist_max': np.float32(nan), 'qpos_dist_min': np.float32(nan), 'qpos_dist_median': np.float32(nan), 'qpos_dist_mean': np.float32(nan), 'qvel_dist_max': np.float32(nan), 'qvel_dist_min': np.float32(nan), 'qvel_dist_median': np.float32(nan), 'qvel_dist_mean': np.float32(nan), 'qpos_rew_max': np.float32(nan), 'qpos_rew_min': np.float32(nan), 'qpos_rew_median': np.float32(nan), 'qpos_rew_mean': np.float32(nan), 'qvel_rew_max': np.float32(nan), 'qvel_rew_min': np.float32(nan), 'qvel_rew_median': np.float32(nan), 'qvel_rew_mean': np.float32(nan), 'improvement': np.float32(nan), 'rew_max': np.float32(nan), 'rew_min': np.float32(nan), 'rew_median': np.float32(nan), 'rew_mean': np.float32(nan), 'trace_sample': array([], shape=(6, 1000, 0, 3), dtype=float32)}
[optimize] iteration 1
info: {'qpos_dist_max': np.float32(nan), 'qpos_dist_min': np.float32(nan), 'qpos_dist_median': np.float32(nan), 'qpos_dist_mean': np.float32(nan), 'qvel_dist_max': np.float32(nan), 'qvel_dist_min': np.float32(nan), 'qvel_dist_median': np.float32(nan), 'qvel_dist_mean': np.float32(nan), 'qpos_rew_max': np.float32(nan), 'qpos_rew_min': np.float32(nan), 'qpos_rew_median': np.float32(nan), 'qpos_rew_mean': np.float32(nan), 'qvel_rew_max': np.float32(nan), 'qvel_rew_min': np.float32(nan), 'qvel_rew_median': np.float32(nan), 'qvel_rew_mean': np.float32(nan), 'improvement': np.float32(nan), 'rew_max': np.float32(nan), 'rew_min': np.float32(nan), 'rew_median': np.float32(nan), 'rew_mean': np.float32(nan), 'trace_sample': array([], shape=(6, 1000, 0, 3), dtype=float32)}
[optimize] iteration 2
info: {'qpos_dist_max': np.float32(nan), 'qpos_dist_min': np.float32(nan), 'qpos_dist_median': np.float32(nan), 'qpos_dist_mean': np.float32(nan), 'qvel_dist_max': np.float32(nan), 'qvel_dist_min': np.float32(nan), 'qvel_dist_median': np.float32(nan), 'qvel_dist_mean': np.float32(nan), 'qpos_rew_max': np.float32(nan), 'qpos_rew_min': np.float32(nan), 'qpos_rew_median': np.float32(nan), 'qpos_rew_mean': np.float32(nan), 'qvel_rew_max': np.float32(nan), 'qvel_rew_min': np.float32(nan), 'qvel_rew_median': np.float32(nan), 'qvel_rew_mean': np.float32(nan), 'improvement': np.float32(nan), 'rew_max': np.float32(nan), 'rew_min': np.float32(nan), 'rew_median': np.float32(nan), 'rew_mean': np.float32(nan), 'trace_sample': array([], shape=(6, 1000, 0, 3), dtype=float32)}
[optimize] iteration 3
info: {'qpos_dist_max': np.float32(nan), 'qpos_dist_min': np.float32(nan), 'qpos_dist_median': np.float32(nan), 'qpos_dist_mean': np.float32(nan), 'qvel_dist_max': np.float32(nan), 'qvel_dist_min': np.float32(nan), 'qvel_dist_median': np.float32(nan), 'qvel_dist_mean': np.float32(nan), 'qpos_rew_max': np.float32(nan), 'qpos_rew_min': np.float32(nan), 'qpos_rew_median': np.float32(nan), 'qpos_rew_mean': np.float32(nan), 'qvel_rew_max': np.float32(nan), 'qvel_rew_min': np.float32(nan), 'qvel_rew_median': np.float32(nan), 'qvel_rew_mean': np.float32(nan), 'improvement': np.float32(nan), 'rew_max': np.float32(nan), 'rew_min': np.float32(nan), 'rew_median': np.float32(nan), 'rew_mean': np.float32(nan), 'trace_sample': array([], shape=(6, 1000, 0, 3), dtype=float32)}
[optimize] iteration 4
info: {'qpos_dist_max': np.float32(nan), 'qpos_dist_min': np.float32(nan), 'qpos_dist_median': np.float32(nan), 'qpos_dist_mean': np.float32(nan), 'qvel_dist_max': np.float32(nan), 'qvel_dist_min': np.float32(nan), 'qvel_dist_median': np.float32(nan), 'qvel_dist_mean': np.float32(nan), 'qpos_rew_max': np.float32(nan), 'qpos_rew_min': np.float32(nan), 'qpos_rew_median': np.float32(nan), 'qpos_rew_mean': np.float32(nan), 'qvel_rew_max': np.float32(nan), 'qvel_rew_min': np.float32(nan), 'qvel_rew_median': np.float32(nan), 'qvel_rew_mean': np.float32(nan), 'improvement': np.float32(nan), 'rew_max': np.float32(nan), 'rew_min': np.float32(nan), 'rew_median': np.float32(nan), 'rew_mean': np.float32(nan), 'trace_sample': array([], shape=(6, 1000, 0, 3), dtype=float32)}
[optimize] iteration 5
info: {'qpos_dist_max': np.float32(nan), 'qpos_dist_min': np.float32(nan), 'qpos_dist_median': np.float32(nan), 'qpos_dist_mean': np.float32(nan), 'qvel_dist_max': np.float32(nan), 'qvel_dist_min': np.float32(nan), 'qvel_dist_median': np.float32(nan), 'qvel_dist_mean': np.float32(nan), 'qpos_rew_max': np.float32(nan), 'qpos_rew_min': np.float32(nan), 'qpos_rew_median': np.float32(nan), 'qpos_rew_mean': np.float32(nan), 'qvel_rew_max': np.float32(nan), 'qvel_rew_min': np.float32(nan), 'qvel_rew_median': np.float32(nan), 'qvel_rew_mean': np.float32(nan), 'improvement': np.float32(nan), 'rew_max': np.float32(nan), 'rew_min': np.float32(nan), 'rew_median': np.float32(nan), 'rew_mean': np.float32(nan), 'trace_sample': array([], shape=(6, 1000, 0, 3), dtype=float32)}
[optimize] iteration 6
info: {'qpos_dist_max': np.float32(nan), 'qpos_dist_min': np.float32(nan), 'qpos_dist_median': np.float32(nan), 'qpos_dist_mean': np.float32(nan), 'qvel_dist_max': np.float32(nan), 'qvel_dist_min': np.float32(nan), 'qvel_dist_median': np.float32(nan), 'qvel_dist_mean': np.float32(nan), 'qpos_rew_max': np.float32(nan), 'qpos_rew_min': np.float32(nan), 'qpos_rew_median': np.float32(nan), 'qpos_rew_mean': np.float32(nan), 'qvel_rew_max': np.float32(nan), 'qvel_rew_min': np.float32(nan), 'qvel_rew_median': np.float32(nan), 'qvel_rew_mean': np.float32(nan), 'improvement': np.float32(nan), 'rew_max': np.float32(nan), 'rew_min': np.float32(nan), 'rew_median': np.float32(nan), 'rew_mean': np.float32(nan), 'trace_sample': array([], shape=(6, 1000, 0, 3), dtype=float32)}
[optimize] iteration 7
info: {'qpos_dist_max': np.float32(nan), 'qpos_dist_min': np.float32(nan), 'qpos_dist_median': np.float32(nan), 'qpos_dist_mean': np.float32(nan), 'qvel_dist_max': np.float32(nan), 'qvel_dist_min': np.float32(nan), 'qvel_dist_median': np.float32(nan), 'qvel_dist_mean': np.float32(nan), 'qpos_rew_max': np.float32(nan), 'qpos_rew_min': np.float32(nan), 'qpos_rew_median': np.float32(nan), 'qpos_rew_mean': np.float32(nan), 'qvel_rew_max': np.float32(nan), 'qvel_rew_min': np.float32(nan), 'qvel_rew_median': np.float32(nan), 'qvel_rew_mean': np.float32(nan), 'improvement': np.float32(nan), 'rew_max': np.float32(nan), 'rew_min': np.float32(nan), 'rew_median': np.float32(nan), 'rew_mean': np.float32(nan), 'trace_sample': array([], shape=(6, 1000, 0, 3), dtype=float32)}
Finished optimizing
Realtime rate: 0.00, plan time: 90.8186s, sim_steps: 2400/2670, opt_steps: 8[optimize] iteration 0
info: {'qpos_dist_max': np.float32(nan), 'qpos_dist_min': np.float32(nan), 'qpos_dist_median': np.float32(nan), 'qpos_dist_mean': np.float32(nan), 'qvel_dist_max': np.float32(nan), 'qvel_dist_min': np.float32(nan), 'qvel_dist_median': np.float32(nan), 'qvel_dist_mean': np.float32(nan), 'qpos_rew_max': np.float32(nan), 'qpos_rew_min': np.float32(nan), 'qpos_rew_median': np.float32(nan), 'qpos_rew_mean': np.float32(nan), 'qvel_rew_max': np.float32(nan), 'qvel_rew_min': np.float32(nan), 'qvel_rew_median': np.float32(nan), 'qvel_rew_mean': np.float32(nan), 'improvement': np.float32(nan), 'rew_max': np.float32(nan), 'rew_min': np.float32(nan), 'rew_median': np.float32(nan), 'rew_mean': np.float32(nan), 'trace_sample': array([], shape=(6, 1000, 0, 3), dtype=float32)}
[optimize] iteration 1
info: {'qpos_dist_max': np.float32(nan), 'qpos_dist_min': np.float32(nan), 'qpos_dist_median': np.float32(nan), 'qpos_dist_mean': np.float32(nan), 'qvel_dist_max': np.float32(nan), 'qvel_dist_min': np.float32(nan), 'qvel_dist_median': np.float32(nan), 'qvel_dist_mean': np.float32(nan), 'qpos_rew_max': np.float32(nan), 'qpos_rew_min': np.float32(nan), 'qpos_rew_median': np.float32(nan), 'qpos_rew_mean': np.float32(nan), 'qvel_rew_max': np.float32(nan), 'qvel_rew_min': np.float32(nan), 'qvel_rew_median': np.float32(nan), 'qvel_rew_mean': np.float32(nan), 'improvement': np.float32(nan), 'rew_max': np.float32(nan), 'rew_min': np.float32(nan), 'rew_median': np.float32(nan), 'rew_mean': np.float32(nan), 'trace_sample': array([], shape=(6, 1000, 0, 3), dtype=float32)}
[optimize] iteration 2
info: {'qpos_dist_max': np.float32(nan), 'qpos_dist_min': np.float32(nan), 'qpos_dist_median': np.float32(nan), 'qpos_dist_mean': np.float32(nan), 'qvel_dist_max': np.float32(nan), 'qvel_dist_min': np.float32(nan), 'qvel_dist_median': np.float32(nan), 'qvel_dist_mean': np.float32(nan), 'qpos_rew_max': np.float32(nan), 'qpos_rew_min': np.float32(nan), 'qpos_rew_median': np.float32(nan), 'qpos_rew_mean': np.float32(nan), 'qvel_rew_max': np.float32(nan), 'qvel_rew_min': np.float32(nan), 'qvel_rew_median': np.float32(nan), 'qvel_rew_mean': np.float32(nan), 'improvement': np.float32(nan), 'rew_max': np.float32(nan), 'rew_min': np.float32(nan), 'rew_median': np.float32(nan), 'rew_mean': np.float32(nan), 'trace_sample': array([], shape=(6, 1000, 0, 3), dtype=float32)}
[optimize] iteration 3
info: {'qpos_dist_max': np.float32(nan), 'qpos_dist_min': np.float32(nan), 'qpos_dist_median': np.float32(nan), 'qpos_dist_mean': np.float32(nan), 'qvel_dist_max': np.float32(nan), 'qvel_dist_min': np.float32(nan), 'qvel_dist_median': np.float32(nan), 'qvel_dist_mean': np.float32(nan), 'qpos_rew_max': np.float32(nan), 'qpos_rew_min': np.float32(nan), 'qpos_rew_median': np.float32(nan), 'qpos_rew_mean': np.float32(nan), 'qvel_rew_max': np.float32(nan), 'qvel_rew_min': np.float32(nan), 'qvel_rew_median': np.float32(nan), 'qvel_rew_mean': np.float32(nan), 'improvement': np.float32(nan), 'rew_max': np.float32(nan), 'rew_min': np.float32(nan), 'rew_median': np.float32(nan), 'rew_mean': np.float32(nan), 'trace_sample': array([], shape=(6, 1000, 0, 3), dtype=float32)}
[optimize] iteration 4
info: {'qpos_dist_max': np.float32(nan), 'qpos_dist_min': np.float32(nan), 'qpos_dist_median': np.float32(nan), 'qpos_dist_mean': np.float32(nan), 'qvel_dist_max': np.float32(nan), 'qvel_dist_min': np.float32(nan), 'qvel_dist_median': np.float32(nan), 'qvel_dist_mean': np.float32(nan), 'qpos_rew_max': np.float32(nan), 'qpos_rew_min': np.float32(nan), 'qpos_rew_median': np.float32(nan), 'qpos_rew_mean': np.float32(nan), 'qvel_rew_max': np.float32(nan), 'qvel_rew_min': np.float32(nan), 'qvel_rew_median': np.float32(nan), 'qvel_rew_mean': np.float32(nan), 'improvement': np.float32(nan), 'rew_max': np.float32(nan), 'rew_min': np.float32(nan), 'rew_median': np.float32(nan), 'rew_mean': np.float32(nan), 'trace_sample': array([], shape=(6, 1000, 0, 3), dtype=float32)}
[optimize] iteration 5
info: {'qpos_dist_max': np.float32(nan), 'qpos_dist_min': np.float32(nan), 'qpos_dist_median': np.float32(nan), 'qpos_dist_mean': np.float32(nan), 'qvel_dist_max': np.float32(nan), 'qvel_dist_min': np.float32(nan), 'qvel_dist_median': np.float32(nan), 'qvel_dist_mean': np.float32(nan), 'qpos_rew_max': np.float32(nan), 'qpos_rew_min': np.float32(nan), 'qpos_rew_median': np.float32(nan), 'qpos_rew_mean': np.float32(nan), 'qvel_rew_max': np.float32(nan), 'qvel_rew_min': np.float32(nan), 'qvel_rew_median': np.float32(nan), 'qvel_rew_mean': np.float32(nan), 'improvement': np.float32(nan), 'rew_max': np.float32(nan), 'rew_min': np.float32(nan), 'rew_median': np.float32(nan), 'rew_mean': np.float32(nan), 'trace_sample': array([], shape=(6, 1000, 0, 3), dtype=float32)}
[optimize] iteration 6
info: {'qpos_dist_max': np.float32(nan), 'qpos_dist_min': np.float32(nan), 'qpos_dist_median': np.float32(nan), 'qpos_dist_mean': np.float32(nan), 'qvel_dist_max': np.float32(nan), 'qvel_dist_min': np.float32(nan), 'qvel_dist_median': np.float32(nan), 'qvel_dist_mean': np.float32(nan), 'qpos_rew_max': np.float32(nan), 'qpos_rew_min': np.float32(nan), 'qpos_rew_median': np.float32(nan), 'qpos_rew_mean': np.float32(nan), 'qvel_rew_max': np.float32(nan), 'qvel_rew_min': np.float32(nan), 'qvel_rew_median': np.float32(nan), 'qvel_rew_mean': np.float32(nan), 'improvement': np.float32(nan), 'rew_max': np.float32(nan), 'rew_min': np.float32(nan), 'rew_median': np.float32(nan), 'rew_mean': np.float32(nan), 'trace_sample': array([], shape=(6, 1000, 0, 3), dtype=float32)}
[optimize] iteration 7
info: {'qpos_dist_max': np.float32(nan), 'qpos_dist_min': np.float32(nan), 'qpos_dist_median': np.float32(nan), 'qpos_dist_mean': np.float32(nan), 'qvel_dist_max': np.float32(nan), 'qvel_dist_min': np.float32(nan), 'qvel_dist_median': np.float32(nan), 'qvel_dist_mean': np.float32(nan), 'qpos_rew_max': np.float32(nan), 'qpos_rew_min': np.float32(nan), 'qpos_rew_median': np.float32(nan), 'qpos_rew_mean': np.float32(nan), 'qvel_rew_max': np.float32(nan), 'qvel_rew_min': np.float32(nan), 'qvel_rew_median': np.float32(nan), 'qvel_rew_mean': np.float32(nan), 'improvement': np.float32(nan), 'rew_max': np.float32(nan), 'rew_min': np.float32(nan), 'rew_median': np.float32(nan), 'rew_mean': np.float32(nan), 'trace_sample': array([], shape=(6, 1000, 0, 3), dtype=float32)}
Finished optimizing
Realtime rate: 0.00, plan time: 87.7808s, sim_steps: 2600/2670, opt_steps: 8[optimize] iteration 0
info: {'qpos_dist_max': np.float32(nan), 'qpos_dist_min': np.float32(nan), 'qpos_dist_median': np.float32(nan), 'qpos_dist_mean': np.float32(nan), 'qvel_dist_max': np.float32(nan), 'qvel_dist_min': np.float32(nan), 'qvel_dist_median': np.float32(nan), 'qvel_dist_mean': np.float32(nan), 'qpos_rew_max': np.float32(nan), 'qpos_rew_min': np.float32(nan), 'qpos_rew_median': np.float32(nan), 'qpos_rew_mean': np.float32(nan), 'qvel_rew_max': np.float32(nan), 'qvel_rew_min': np.float32(nan), 'qvel_rew_median': np.float32(nan), 'qvel_rew_mean': np.float32(nan), 'improvement': np.float32(nan), 'rew_max': np.float32(nan), 'rew_min': np.float32(nan), 'rew_median': np.float32(nan), 'rew_mean': np.float32(nan), 'trace_sample': array([], shape=(6, 1000, 0, 3), dtype=float32)}
[optimize] iteration 1
info: {'qpos_dist_max': np.float32(nan), 'qpos_dist_min': np.float32(nan), 'qpos_dist_median': np.float32(nan), 'qpos_dist_mean': np.float32(nan), 'qvel_dist_max': np.float32(nan), 'qvel_dist_min': np.float32(nan), 'qvel_dist_median': np.float32(nan), 'qvel_dist_mean': np.float32(nan), 'qpos_rew_max': np.float32(nan), 'qpos_rew_min': np.float32(nan), 'qpos_rew_median': np.float32(nan), 'qpos_rew_mean': np.float32(nan), 'qvel_rew_max': np.float32(nan), 'qvel_rew_min': np.float32(nan), 'qvel_rew_median': np.float32(nan), 'qvel_rew_mean': np.float32(nan), 'improvement': np.float32(nan), 'rew_max': np.float32(nan), 'rew_min': np.float32(nan), 'rew_median': np.float32(nan), 'rew_mean': np.float32(nan), 'trace_sample': array([], shape=(6, 1000, 0, 3), dtype=float32)}
[optimize] iteration 2
info: {'qpos_dist_max': np.float32(nan), 'qpos_dist_min': np.float32(nan), 'qpos_dist_median': np.float32(nan), 'qpos_dist_mean': np.float32(nan), 'qvel_dist_max': np.float32(nan), 'qvel_dist_min': np.float32(nan), 'qvel_dist_median': np.float32(nan), 'qvel_dist_mean': np.float32(nan), 'qpos_rew_max': np.float32(nan), 'qpos_rew_min': np.float32(nan), 'qpos_rew_median': np.float32(nan), 'qpos_rew_mean': np.float32(nan), 'qvel_rew_max': np.float32(nan), 'qvel_rew_min': np.float32(nan), 'qvel_rew_median': np.float32(nan), 'qvel_rew_mean': np.float32(nan), 'improvement': np.float32(nan), 'rew_max': np.float32(nan), 'rew_min': np.float32(nan), 'rew_median': np.float32(nan), 'rew_mean': np.float32(nan), 'trace_sample': array([], shape=(6, 1000, 0, 3), dtype=float32)}
[optimize] iteration 3
info: {'qpos_dist_max': np.float32(nan), 'qpos_dist_min': np.float32(nan), 'qpos_dist_median': np.float32(nan), 'qpos_dist_mean': np.float32(nan), 'qvel_dist_max': np.float32(nan), 'qvel_dist_min': np.float32(nan), 'qvel_dist_median': np.float32(nan), 'qvel_dist_mean': np.float32(nan), 'qpos_rew_max': np.float32(nan), 'qpos_rew_min': np.float32(nan), 'qpos_rew_median': np.float32(nan), 'qpos_rew_mean': np.float32(nan), 'qvel_rew_max': np.float32(nan), 'qvel_rew_min': np.float32(nan), 'qvel_rew_median': np.float32(nan), 'qvel_rew_mean': np.float32(nan), 'improvement': np.float32(nan), 'rew_max': np.float32(nan), 'rew_min': np.float32(nan), 'rew_median': np.float32(nan), 'rew_mean': np.float32(nan), 'trace_sample': array([], shape=(6, 1000, 0, 3), dtype=float32)}
[optimize] iteration 4
info: {'qpos_dist_max': np.float32(nan), 'qpos_dist_min': np.float32(nan), 'qpos_dist_median': np.float32(nan), 'qpos_dist_mean': np.float32(nan), 'qvel_dist_max': np.float32(nan), 'qvel_dist_min': np.float32(nan), 'qvel_dist_median': np.float32(nan), 'qvel_dist_mean': np.float32(nan), 'qpos_rew_max': np.float32(nan), 'qpos_rew_min': np.float32(nan), 'qpos_rew_median': np.float32(nan), 'qpos_rew_mean': np.float32(nan), 'qvel_rew_max': np.float32(nan), 'qvel_rew_min': np.float32(nan), 'qvel_rew_median': np.float32(nan), 'qvel_rew_mean': np.float32(nan), 'improvement': np.float32(nan), 'rew_max': np.float32(nan), 'rew_min': np.float32(nan), 'rew_median': np.float32(nan), 'rew_mean': np.float32(nan), 'trace_sample': array([], shape=(6, 1000, 0, 3), dtype=float32)}
[optimize] iteration 5
info: {'qpos_dist_max': np.float32(nan), 'qpos_dist_min': np.float32(nan), 'qpos_dist_median': np.float32(nan), 'qpos_dist_mean': np.float32(nan), 'qvel_dist_max': np.float32(nan), 'qvel_dist_min': np.float32(nan), 'qvel_dist_median': np.float32(nan), 'qvel_dist_mean': np.float32(nan), 'qpos_rew_max': np.float32(nan), 'qpos_rew_min': np.float32(nan), 'qpos_rew_median': np.float32(nan), 'qpos_rew_mean': np.float32(nan), 'qvel_rew_max': np.float32(nan), 'qvel_rew_min': np.float32(nan), 'qvel_rew_median': np.float32(nan), 'qvel_rew_mean': np.float32(nan), 'improvement': np.float32(nan), 'rew_max': np.float32(nan), 'rew_min': np.float32(nan), 'rew_median': np.float32(nan), 'rew_mean': np.float32(nan), 'trace_sample': array([], shape=(6, 1000, 0, 3), dtype=float32)}
[optimize] iteration 6
info: {'qpos_dist_max': np.float32(nan), 'qpos_dist_min': np.float32(nan), 'qpos_dist_median': np.float32(nan), 'qpos_dist_mean': np.float32(nan), 'qvel_dist_max': np.float32(nan), 'qvel_dist_min': np.float32(nan), 'qvel_dist_median': np.float32(nan), 'qvel_dist_mean': np.float32(nan), 'qpos_rew_max': np.float32(nan), 'qpos_rew_min': np.float32(nan), 'qpos_rew_median': np.float32(nan), 'qpos_rew_mean': np.float32(nan), 'qvel_rew_max': np.float32(nan), 'qvel_rew_min': np.float32(nan), 'qvel_rew_median': np.float32(nan), 'qvel_rew_mean': np.float32(nan), 'improvement': np.float32(nan), 'rew_max': np.float32(nan), 'rew_min': np.float32(nan), 'rew_median': np.float32(nan), 'rew_mean': np.float32(nan), 'trace_sample': array([], shape=(6, 1000, 0, 3), dtype=float32)}
[optimize] iteration 7
info: {'qpos_dist_max': np.float32(nan), 'qpos_dist_min': np.float32(nan), 'qpos_dist_median': np.float32(nan), 'qpos_dist_mean': np.float32(nan), 'qvel_dist_max': np.float32(nan), 'qvel_dist_min': np.float32(nan), 'qvel_dist_median': np.float32(nan), 'qvel_dist_mean': np.float32(nan), 'qpos_rew_max': np.float32(nan), 'qpos_rew_min': np.float32(nan), 'qpos_rew_median': np.float32(nan), 'qpos_rew_mean': np.float32(nan), 'qvel_rew_max': np.float32(nan), 'qvel_rew_min': np.float32(nan), 'qvel_rew_median': np.float32(nan), 'qvel_rew_mean': np.float32(nan), 'improvement': np.float32(nan), 'rew_max': np.float32(nan), 'rew_min': np.float32(nan), 'rew_median': np.float32(nan), 'rew_mean': np.float32(nan), 'trace_sample': array([], shape=(6, 1000, 0, 3), dtype=float32)}
Finished optimizing
Realtime rate: 0.00, plan time: 88.6022s, sim_steps: 2800/2670, opt_steps: 8Total time: 1454.7273s
