duchin-compute-01.cis.cornell.edu
Fri May 15 01:40:50 2026       
+-----------------------------------------------------------------------------------------+
| NVIDIA-SMI 570.124.06             Driver Version: 570.124.06     CUDA Version: 12.8     |
|-----------------------------------------+------------------------+----------------------+
| GPU  Name                 Persistence-M | Bus-Id          Disp.A | Volatile Uncorr. ECC |
| Fan  Temp   Perf          Pwr:Usage/Cap |           Memory-Usage | GPU-Util  Compute M. |
|                                         |                        |               MIG M. |
|=========================================+========================+======================|
|   0  NVIDIA RTX 6000 Ada Gene...    On  |   00000000:A1:00.0 Off |                  Off |
| 30%   36C    P8             22W /  300W |       2MiB /  49140MiB |      0%      Default |
|                                         |                        |                  N/A |
+-----------------------------------------+------------------------+----------------------+
                                                                                         
+-----------------------------------------------------------------------------------------+
| Processes:                                                                              |
|  GPU   GI   CI              PID   Type   Process name                        GPU Memory |
|        ID   ID                                                               Usage      |
|=========================================================================================|
|  No running processes found                                                             |
+-----------------------------------------------------------------------------------------+
Warp DeprecationWarning: The namespace `warp.context` will soon be removed from the public API. It can still be accessed from `warp._src.context` but might be changed or removed without notice.
Warp DeprecationWarning: The symbol `warp.context.Module` will soon be removed from the public API. Use `warp.Module` instead.
Warp DeprecationWarning: The symbol `warp.context.get_module` will soon be removed from the public API. Use `warp.get_module` instead.
Warp DeprecationWarning: The namespace `warp.math` will soon be removed from the public API. It can still be accessed from `warp._src.math` but might be changed or removed without notice.
Warp 1.11.0 initialized:
   CUDA Toolkit 12.9, Driver 12.8
   Devices:
     "cpu"      : "x86_64"
     "cuda:0"   : "NVIDIA RTX 6000 Ada Generation" (47 GiB, sm_89, mempool enabled)
   Kernel cache:
     /home/nl455/.cache/warp/1.11.0
2026-05-15 01:41:00.690 | WARNING  | spider.config:process_config:261 - task_info.json not found at /share/culbertson/nl455/spider/example_datasets/processed/custom/leap/right/screwdriver/0/../task_info.json, using default values
2026-05-15 01:41:00.697 | WARNING  | spider.io:load_data:53 - ctrl data not found, using 'qpos' as a initial guess for control.
2026-05-15 01:41:04.153 | INFO     | spider.viewers:setup_viewer:85 - viewer is set to rerun, build and log scene from xml file
2026-05-15 01:41:04.153 | INFO     | spider.viewers:setup_viewer:106 - viewer is disabled, launch dummy viewer
nefc overflow - please increase njmax to 608
nefc overflow - please increase njmax to 545
nefc overflow - please increase njmax to 690
nefc overflow - please increase njmax to 592
nefc overflow - please increase njmax to 619
nefc overflow - please increase njmax to 617
nefc overflow - please increase njmax to 503
nefc overflow - please increase njmax to 605
2026-05-15 01:41:25.095 | WARNING  | spider.optimizers.sampling:optimize_once:297 - NaNs or infs in rews: 13/4096
2026-05-15 01:41:44.673 | WARNING  | spider.optimizers.sampling:optimize_once:297 - NaNs or infs in rews: 3/4096
2026-05-15 01:41:58.166 | WARNING  | spider.optimizers.sampling:optimize_once:297 - NaNs or infs in rews: 1/4096
2026-05-15 01:42:23.430 | WARNING  | spider.optimizers.sampling:optimize_once:297 - NaNs or infs in rews: 1/4096
2026-05-15 01:42:35.704 | WARNING  | spider.optimizers.sampling:optimize_once:297 - NaNs or infs in rews: 1/4096
2026-05-15 01:42:47.702 | WARNING  | spider.optimizers.sampling:optimize_once:297 - NaNs or infs in rews: 2/4096
2026-05-15 01:43:16.886 | WARNING  | spider.optimizers.sampling:optimize_once:297 - NaNs or infs in rews: 65/4096
2026-05-15 01:43:31.426 | WARNING  | spider.optimizers.sampling:optimize_once:297 - NaNs or infs in rews: 80/4096
nefc overflow - please increase njmax to 558
nefc overflow - please increase njmax to 594
nefc overflow - please increase njmax to 588
nefc overflow - please increase njmax to 645
nefc overflow - please increase njmax to 697
nefc overflow - please increase njmax to 532
nefc overflow - please increase njmax to 509
nefc overflow - please increase njmax to 545
nefc overflow - please increase njmax to 501
nefc overflow - please increase njmax to 623
nefc overflow - please increase njmax to 593
nefc overflow - please increase njmax to 537
nefc overflow - please increase njmax to 525
nefc overflow - please increase njmax to 513
nefc overflow - please increase njmax to 642
nefc overflow - please increase njmax to 557
nefc overflow - please increase njmax to 584
nefc overflow - please increase njmax to 620
nefc overflow - please increase njmax to 581
nefc overflow - please increase njmax to 563
2026-05-15 01:43:45.891 | WARNING  | spider.optimizers.sampling:optimize_once:297 - NaNs or infs in rews: 137/4096
2026-05-15 01:43:59.629 | WARNING  | spider.optimizers.sampling:optimize_once:297 - NaNs or infs in rews: 72/4096
2026-05-15 01:44:12.754 | WARNING  | spider.optimizers.sampling:optimize_once:297 - NaNs or infs in rews: 15/4096
2026-05-15 01:44:25.969 | WARNING  | spider.optimizers.sampling:optimize_once:297 - NaNs or infs in rews: 13/4096
2026-05-15 01:44:38.875 | WARNING  | spider.optimizers.sampling:optimize_once:297 - NaNs or infs in rews: 25/4096
2026-05-15 01:44:51.793 | WARNING  | spider.optimizers.sampling:optimize_once:297 - NaNs or infs in rews: 12/4096
2026-05-15 01:45:09.576 | WARNING  | spider.optimizers.sampling:optimize_once:297 - NaNs or infs in rews: 104/4096
2026-05-15 01:45:24.236 | WARNING  | spider.optimizers.sampling:optimize_once:297 - NaNs or infs in rews: 108/4096
2026-05-15 01:45:38.202 | WARNING  | spider.optimizers.sampling:optimize_once:297 - NaNs or infs in rews: 72/4096
nefc overflow - please increase njmax to 661
nefc overflow - please increase njmax to 619
nefc overflow - please increase njmax to 536
nefc overflow - please increase njmax to 503
nefc overflow - please increase njmax to 587
nefc overflow - please increase njmax to 536
nefc overflow - please increase njmax to 525
nefc overflow - please increase njmax to 567
nefc overflow - please increase njmax to 531
nefc overflow - please increase njmax to 572
nefc overflow - please increase njmax to 524
nefc overflow - please increase njmax to 548
nefc overflow - please increase njmax to 629
nefc overflow - please increase njmax to 590
nefc overflow - please increase njmax to 533
nefc overflow - please increase njmax to 516
nefc overflow - please increase njmax to 516
nefc overflow - please increase njmax to 549
nefc overflow - please increase njmax to 608
nefc overflow - please increase njmax to 549
nefc overflow - please increase njmax to 789
nefc overflow - please increase njmax to 564
nefc overflow - please increase njmax to 546
nefc overflow - please increase njmax to 585
nefc overflow - please increase njmax to 532
nefc overflow - please increase njmax to 502
nefc overflow - please increase njmax to 502
nefc overflow - please increase njmax to 508
nefc overflow - please increase njmax to 964
nefc overflow - please increase njmax to 751
nefc overflow - please increase njmax to 667
nefc overflow - please increase njmax to 508
nefc overflow - please increase njmax to 604
nefc overflow - please increase njmax to 517
nefc overflow - please increase njmax to 653
nefc overflow - please increase njmax to 524
nefc overflow - please increase njmax to 509
nefc overflow - please increase njmax to 541
nefc overflow - please increase njmax to 547
nefc overflow - please increase njmax to 532
nefc overflow - please increase njmax to 553
nefc overflow - please increase njmax to 694
nefc overflow - please increase njmax to 526
nefc overflow - please increase njmax to 632
nefc overflow - please increase njmax to 543
nefc overflow - please increase njmax to 570
nefc overflow - please increase njmax to 666
nefc overflow - please increase njmax to 702
nefc overflow - please increase njmax to 738
nefc overflow - please increase njmax to 654
nefc overflow - please increase njmax to 693
nefc overflow - please increase njmax to 696
nefc overflow - please increase njmax to 624
nefc overflow - please increase njmax to 513
2026-05-15 01:45:52.933 | WARNING  | spider.optimizers.sampling:optimize_once:297 - NaNs or infs in rews: 61/4096
2026-05-15 01:46:06.393 | WARNING  | spider.optimizers.sampling:optimize_once:297 - NaNs or infs in rews: 50/4096
2026-05-15 01:46:19.632 | WARNING  | spider.optimizers.sampling:optimize_once:297 - NaNs or infs in rews: 21/4096
2026-05-15 01:46:32.606 | WARNING  | spider.optimizers.sampling:optimize_once:297 - NaNs or infs in rews: 15/4096
2026-05-15 01:46:45.248 | WARNING  | spider.optimizers.sampling:optimize_once:297 - NaNs or infs in rews: 5/4096
2026-05-15 01:47:01.801 | WARNING  | spider.optimizers.sampling:optimize_once:297 - NaNs or infs in rews: 101/4096
nefc overflow - please increase njmax to 522
nefc overflow - please increase njmax to 624
2026-05-15 01:47:15.534 | WARNING  | spider.optimizers.sampling:optimize_once:297 - NaNs or infs in rews: 46/4096
nefc overflow - please increase njmax to 579
nefc overflow - please increase njmax to 603
nefc overflow - please increase njmax to 598
nefc overflow - please increase njmax to 617
nefc overflow - please increase njmax to 716
nefc overflow - please increase njmax to 589
nefc overflow - please increase njmax to 600
nefc overflow - please increase njmax to 544
nefc overflow - please increase njmax to 574
nefc overflow - please increase njmax to 801
nefc overflow - please increase njmax to 834
nefc overflow - please increase njmax to 718
nefc overflow - please increase njmax to 526
2026-05-15 01:47:28.795 | WARNING  | spider.optimizers.sampling:optimize_once:297 - NaNs or infs in rews: 166/4096
nefc overflow - please increase njmax to 509
nefc overflow - please increase njmax to 581
nefc overflow - please increase njmax to 617
nefc overflow - please increase njmax to 590
nefc overflow - please increase njmax to 604
nefc overflow - please increase njmax to 607
nefc overflow - please increase njmax to 730
nefc overflow - please increase njmax to 925
nefc overflow - please increase njmax to 814
nefc overflow - please increase njmax to 614
nefc overflow - please increase njmax to 617
nefc overflow - please increase njmax to 737
nefc overflow - please increase njmax to 618
nefc overflow - please increase njmax to 526
nefc overflow - please increase njmax to 571
nefc overflow - please increase njmax to 634
nefc overflow - please increase njmax to 577
nefc overflow - please increase njmax to 553
nefc overflow - please increase njmax to 544
nefc overflow - please increase njmax to 523
nefc overflow - please increase njmax to 505
nefc overflow - please increase njmax to 877
nefc overflow - please increase njmax to 916
nefc overflow - please increase njmax to 527
nefc overflow - please increase njmax to 530
nefc overflow - please increase njmax to 518
nefc overflow - please increase njmax to 530
nefc overflow - please increase njmax to 614
nefc overflow - please increase njmax to 695
nefc overflow - please increase njmax to 728
nefc overflow - please increase njmax to 662
nefc overflow - please increase njmax to 653
nefc overflow - please increase njmax to 521
nefc overflow - please increase njmax to 629
nefc overflow - please increase njmax to 551
nefc overflow - please increase njmax to 566
nefc overflow - please increase njmax to 839
nefc overflow - please increase njmax to 605
nefc overflow - please increase njmax to 803
nefc overflow - please increase njmax to 584
nefc overflow - please increase njmax to 569
nefc overflow - please increase njmax to 548
nefc overflow - please increase njmax to 596
nefc overflow - please increase njmax to 593
2026-05-15 01:47:41.984 | WARNING  | spider.optimizers.sampling:optimize_once:297 - NaNs or infs in rews: 102/4096
2026-05-15 01:47:54.399 | WARNING  | spider.optimizers.sampling:optimize_once:297 - NaNs or infs in rews: 211/4096
2026-05-15 01:48:06.570 | WARNING  | spider.optimizers.sampling:optimize_once:297 - NaNs or infs in rews: 178/4096
2026-05-15 01:48:18.593 | WARNING  | spider.optimizers.sampling:optimize_once:297 - NaNs or infs in rews: 178/4096
nefc overflow - please increase njmax to 517
nefc overflow - please increase njmax to 626
nefc overflow - please increase njmax to 524
nefc overflow - please increase njmax to 557
2026-05-15 01:48:30.178 | WARNING  | spider.optimizers.sampling:optimize_once:297 - NaNs or infs in rews: 89/4096
2026-05-15 01:48:46.632 | WARNING  | spider.optimizers.sampling:optimize_once:297 - NaNs or infs in rews: 283/4096
nefc overflow - please increase njmax to 503
nefc overflow - please increase njmax to 569
nefc overflow - please increase njmax to 504
nefc overflow - please increase njmax to 514
nefc overflow - please increase njmax to 535
nefc overflow - please increase njmax to 508
nefc overflow - please increase njmax to 534
nefc overflow - please increase njmax to 637
nefc overflow - please increase njmax to 541
nefc overflow - please increase njmax to 595
nefc overflow - please increase njmax to 562
nefc overflow - please increase njmax to 593
nefc overflow - please increase njmax to 797
nefc overflow - please increase njmax to 857
2026-05-15 01:48:59.924 | WARNING  | spider.optimizers.sampling:optimize_once:297 - NaNs or infs in rews: 487/4096
nefc overflow - please increase njmax to 584
nefc overflow - please increase njmax to 629
nefc overflow - please increase njmax to 638
nefc overflow - please increase njmax to 520
nefc overflow - please increase njmax to 568
nefc overflow - please increase njmax to 526
nefc overflow - please increase njmax to 673
nefc overflow - please increase njmax to 754
nefc overflow - please increase njmax to 796
nefc overflow - please increase njmax to 766
nefc overflow - please increase njmax to 706
nefc overflow - please increase njmax to 505
nefc overflow - please increase njmax to 550
nefc overflow - please increase njmax to 517
nefc overflow - please increase njmax to 595
nefc overflow - please increase njmax to 521
nefc overflow - please increase njmax to 665
nefc overflow - please increase njmax to 932
nefc overflow - please increase njmax to 695
nefc overflow - please increase njmax to 683
nefc overflow - please increase njmax to 740
nefc overflow - please increase njmax to 752
nefc overflow - please increase njmax to 728
nefc overflow - please increase njmax to 599
nefc overflow - please increase njmax to 518
nefc overflow - please increase njmax to 553
nefc overflow - please increase njmax to 542
nefc overflow - please increase njmax to 725
nefc overflow - please increase njmax to 568
nefc overflow - please increase njmax to 538
nefc overflow - please increase njmax to 523
nefc overflow - please increase njmax to 565
nefc overflow - please increase njmax to 524
nefc overflow - please increase njmax to 510
nefc overflow - please increase njmax to 587
nefc overflow - please increase njmax to 530
nefc overflow - please increase njmax to 557
nefc overflow - please increase njmax to 752
nefc overflow - please increase njmax to 557
nefc overflow - please increase njmax to 543
nefc overflow - please increase njmax to 675
nefc overflow - please increase njmax to 549
2026-05-15 01:49:13.859 | WARNING  | spider.optimizers.sampling:optimize_once:297 - NaNs or infs in rews: 187/4096
2026-05-15 01:49:25.711 | WARNING  | spider.optimizers.sampling:optimize_once:297 - NaNs or infs in rews: 170/4096
2026-05-15 01:49:36.915 | WARNING  | spider.optimizers.sampling:optimize_once:297 - NaNs or infs in rews: 54/4096
2026-05-15 01:49:48.197 | WARNING  | spider.optimizers.sampling:optimize_once:297 - NaNs or infs in rews: 22/4096
2026-05-15 01:49:59.498 | WARNING  | spider.optimizers.sampling:optimize_once:297 - NaNs or infs in rews: 56/4096
nefc overflow - please increase njmax to 583
nefc overflow - please increase njmax to 776
2026-05-15 01:50:11.116 | WARNING  | spider.optimizers.sampling:optimize_once:297 - NaNs or infs in rews: 72/4096
2026-05-15 01:50:25.987 | WARNING  | spider.optimizers.sampling:optimize_once:297 - NaNs or infs in rews: 11/4096
2026-05-15 01:50:36.379 | WARNING  | spider.optimizers.sampling:optimize_once:297 - NaNs or infs in rews: 12/4096
2026-05-15 01:50:46.348 | WARNING  | spider.optimizers.sampling:optimize_once:297 - NaNs or infs in rews: 12/4096
2026-05-15 01:50:56.116 | WARNING  | spider.optimizers.sampling:optimize_once:297 - NaNs or infs in rews: 12/4096
2026-05-15 01:51:05.989 | WARNING  | spider.optimizers.sampling:optimize_once:297 - NaNs or infs in rews: 9/4096
2026-05-15 01:51:16.190 | WARNING  | spider.optimizers.sampling:optimize_once:297 - NaNs or infs in rews: 22/4096
2026-05-15 01:51:25.786 | WARNING  | spider.optimizers.sampling:optimize_once:297 - NaNs or infs in rews: 12/4096
2026-05-15 01:51:35.364 | WARNING  | spider.optimizers.sampling:optimize_once:297 - NaNs or infs in rews: 20/4096
2026-05-15 01:51:49.865 | WARNING  | spider.optimizers.sampling:optimize_once:297 - NaNs or infs in rews: 7/4096
2026-05-15 01:52:01.295 | WARNING  | spider.optimizers.sampling:optimize_once:297 - NaNs or infs in rews: 7/4096
2026-05-15 01:52:12.252 | WARNING  | spider.optimizers.sampling:optimize_once:297 - NaNs or infs in rews: 7/4096
2026-05-15 01:52:24.469 | WARNING  | spider.optimizers.sampling:optimize_once:297 - NaNs or infs in rews: 7/4096
2026-05-15 01:52:36.852 | WARNING  | spider.optimizers.sampling:optimize_once:297 - NaNs or infs in rews: 10/4096
2026-05-15 01:52:47.567 | WARNING  | spider.optimizers.sampling:optimize_once:297 - NaNs or infs in rews: 7/4096
2026-05-15 01:52:58.415 | WARNING  | spider.optimizers.sampling:optimize_once:297 - NaNs or infs in rews: 12/4096
2026-05-15 01:53:08.457 | WARNING  | spider.optimizers.sampling:optimize_once:297 - NaNs or infs in rews: 10/4096
2026-05-15 01:53:24.778 | WARNING  | spider.optimizers.sampling:optimize_once:297 - NaNs or infs in rews: 7/4096
2026-05-15 01:53:37.546 | WARNING  | spider.optimizers.sampling:optimize_once:297 - NaNs or infs in rews: 17/4096
2026-05-15 01:53:49.393 | WARNING  | spider.optimizers.sampling:optimize_once:297 - NaNs or infs in rews: 5/4096
2026-05-15 01:54:00.866 | WARNING  | spider.optimizers.sampling:optimize_once:297 - NaNs or infs in rews: 11/4096
2026-05-15 01:54:11.689 | WARNING  | spider.optimizers.sampling:optimize_once:297 - NaNs or infs in rews: 10/4096
2026-05-15 01:54:22.714 | WARNING  | spider.optimizers.sampling:optimize_once:297 - NaNs or infs in rews: 4/4096
2026-05-15 01:54:33.486 | WARNING  | spider.optimizers.sampling:optimize_once:297 - NaNs or infs in rews: 7/4096
2026-05-15 01:54:44.136 | WARNING  | spider.optimizers.sampling:optimize_once:297 - NaNs or infs in rews: 10/4096
2026-05-15 01:54:58.854 | WARNING  | spider.optimizers.sampling:optimize_once:297 - NaNs or infs in rews: 6/4096
2026-05-15 01:55:09.675 | WARNING  | spider.optimizers.sampling:optimize_once:297 - NaNs or infs in rews: 2/4096
2026-05-15 01:55:20.335 | WARNING  | spider.optimizers.sampling:optimize_once:297 - NaNs or infs in rews: 4/4096
2026-05-15 01:55:30.727 | WARNING  | spider.optimizers.sampling:optimize_once:297 - NaNs or infs in rews: 4/4096
2026-05-15 01:55:40.967 | WARNING  | spider.optimizers.sampling:optimize_once:297 - NaNs or infs in rews: 2/4096
2026-05-15 01:55:51.065 | WARNING  | spider.optimizers.sampling:optimize_once:297 - NaNs or infs in rews: 1/4096
2026-05-15 01:56:01.031 | WARNING  | spider.optimizers.sampling:optimize_once:297 - NaNs or infs in rews: 4/4096
2026-05-15 01:56:24.157 | WARNING  | spider.optimizers.sampling:optimize_once:297 - NaNs or infs in rews: 4/4096
2026-05-15 01:56:34.636 | WARNING  | spider.optimizers.sampling:optimize_once:297 - NaNs or infs in rews: 2/4096
2026-05-15 01:56:44.777 | WARNING  | spider.optimizers.sampling:optimize_once:297 - NaNs or infs in rews: 4/4096
2026-05-15 01:56:54.668 | WARNING  | spider.optimizers.sampling:optimize_once:297 - NaNs or infs in rews: 6/4096
2026-05-15 01:57:04.437 | WARNING  | spider.optimizers.sampling:optimize_once:297 - NaNs or infs in rews: 5/4096
2026-05-15 01:57:14.129 | WARNING  | spider.optimizers.sampling:optimize_once:297 - NaNs or infs in rews: 4/4096
2026-05-15 01:57:23.763 | WARNING  | spider.optimizers.sampling:optimize_once:297 - NaNs or infs in rews: 2/4096
2026-05-15 01:57:33.365 | WARNING  | spider.optimizers.sampling:optimize_once:297 - NaNs or infs in rews: 3/4096
2026-05-15 01:57:47.180 | WARNING  | spider.optimizers.sampling:optimize_once:297 - NaNs or infs in rews: 1/4096
2026-05-15 01:57:57.284 | WARNING  | spider.optimizers.sampling:optimize_once:297 - NaNs or infs in rews: 1/4096
2026-05-15 01:58:07.033 | WARNING  | spider.optimizers.sampling:optimize_once:297 - NaNs or infs in rews: 1/4096
2026-05-15 01:58:16.582 | WARNING  | spider.optimizers.sampling:optimize_once:297 - NaNs or infs in rews: 1/4096
2026-05-15 01:58:26.030 | WARNING  | spider.optimizers.sampling:optimize_once:297 - NaNs or infs in rews: 1/4096
2026-05-15 01:58:35.425 | WARNING  | spider.optimizers.sampling:optimize_once:297 - NaNs or infs in rews: 1/4096
2026-05-15 01:58:44.767 | WARNING  | spider.optimizers.sampling:optimize_once:297 - NaNs or infs in rews: 4/4096
2026-05-15 01:58:54.041 | WARNING  | spider.optimizers.sampling:optimize_once:297 - NaNs or infs in rews: 1/4096
2026-05-15 01:59:07.639 | WARNING  | spider.optimizers.sampling:optimize_once:297 - NaNs or infs in rews: 1/4096
2026-05-15 01:59:18.161 | WARNING  | spider.optimizers.sampling:optimize_once:297 - NaNs or infs in rews: 1/4096
2026-05-15 01:59:28.389 | WARNING  | spider.optimizers.sampling:optimize_once:297 - NaNs or infs in rews: 1/4096
2026-05-15 01:59:38.466 | WARNING  | spider.optimizers.sampling:optimize_once:297 - NaNs or infs in rews: 1/4096
2026-05-15 01:59:48.468 | WARNING  | spider.optimizers.sampling:optimize_once:297 - NaNs or infs in rews: 1/4096
2026-05-15 01:59:58.438 | WARNING  | spider.optimizers.sampling:optimize_once:297 - NaNs or infs in rews: 1/4096
2026-05-15 02:00:08.375 | WARNING  | spider.optimizers.sampling:optimize_once:297 - NaNs or infs in rews: 1/4096
2026-05-15 02:00:18.274 | WARNING  | spider.optimizers.sampling:optimize_once:297 - NaNs or infs in rews: 1/4096
2026-05-15 02:00:32.320 | WARNING  | spider.optimizers.sampling:optimize_once:297 - NaNs or infs in rews: 1/4096
2026-05-15 02:00:43.082 | WARNING  | spider.optimizers.sampling:optimize_once:297 - NaNs or infs in rews: 1/4096
2026-05-15 02:00:53.565 | WARNING  | spider.optimizers.sampling:optimize_once:297 - NaNs or infs in rews: 1/4096
2026-05-15 02:01:03.935 | WARNING  | spider.optimizers.sampling:optimize_once:297 - NaNs or infs in rews: 1/4096
2026-05-15 02:01:14.281 | WARNING  | spider.optimizers.sampling:optimize_once:297 - NaNs or infs in rews: 1/4096
2026-05-15 02:01:24.638 | WARNING  | spider.optimizers.sampling:optimize_once:297 - NaNs or infs in rews: 1/4096
2026-05-15 02:01:34.996 | WARNING  | spider.optimizers.sampling:optimize_once:297 - NaNs or infs in rews: 1/4096
2026-05-15 02:01:45.352 | WARNING  | spider.optimizers.sampling:optimize_once:297 - NaNs or infs in rews: 1/4096
2026-05-15 02:01:59.495 | WARNING  | spider.optimizers.sampling:optimize_once:297 - NaNs or infs in rews: 1/4096
2026-05-15 02:02:10.383 | WARNING  | spider.optimizers.sampling:optimize_once:297 - NaNs or infs in rews: 1/4096
2026-05-15 02:02:21.085 | WARNING  | spider.optimizers.sampling:optimize_once:297 - NaNs or infs in rews: 1/4096
2026-05-15 02:02:31.707 | WARNING  | spider.optimizers.sampling:optimize_once:297 - NaNs or infs in rews: 1/4096
2026-05-15 02:02:42.361 | WARNING  | spider.optimizers.sampling:optimize_once:297 - NaNs or infs in rews: 1/4096
2026-05-15 02:02:53.034 | WARNING  | spider.optimizers.sampling:optimize_once:297 - NaNs or infs in rews: 1/4096
2026-05-15 02:03:03.696 | WARNING  | spider.optimizers.sampling:optimize_once:297 - NaNs or infs in rews: 1/4096
2026-05-15 02:03:14.309 | WARNING  | spider.optimizers.sampling:optimize_once:297 - NaNs or infs in rews: 1/4096
2026-05-15 02:03:17.259 | INFO     | __main__:main:296 - Saved info to /share/culbertson/nl455/spider/example_datasets/processed/custom/leap/right/screwdriver/0/vel_obj_rot_rew_scale1.1_obj_rot_rew_scale0.6_num_samples4096_trajectory_mjwp.npz
2026-05-15 02:03:18.358 | INFO     | __main__:main:306 - Saved video to /share/culbertson/nl455/spider/example_datasets/processed/custom/leap/right/screwdriver/0/vel_obj_rot_rew_scale1.1_obj_rot_rew_scale0.6_num_samples4096_trajectory_mjwp.mp4
2026-05-15 02:03:18.862 | INFO     | __main__:save_reward_plot:112 - Saved reward plot to /share/culbertson/nl455/spider/example_datasets/processed/custom/leap/right/screwdriver/0/vel_obj_rot_rew_scale1.1_obj_rot_rew_scale0.6_num_samples4096_trajectory_mjwp_visualization_mjwp.png
/share/culbertson/nl455/spider/example_datasets/processed/custom/leap/right/screwdriver/0/trajectory_kinematic.npz
Loading data from /share/culbertson/nl455/spider/example_datasets/processed/custom/leap/right/screwdriver/0/trajectory_kinematic.npz
Warp DeprecationWarning: The symbol `warp.context.runtime` will soon be removed from the public API. It can still be accessed from `warp._src.context.runtime` but might be changed or removed without notice.
Module mujoco_warp._src.smooth 61a2af8 load on device 'cuda:0' took 2.62 ms  (cached)
Module mujoco_warp._src.collision_driver de6dc98 load on device 'cuda:0' took 1.42 ms  (cached)
Module _nxn_broadphase__locals__kernel_a346c471 a346c47 load on device 'cuda:0' took 2.27 ms  (cached)
Module ccd_kernel_builder__locals__ccd_kernel_19e6ee06 19e6ee0 load on device 'cuda:0' took 1.19 ms  (cached)
Module ccd_kernel_builder__locals__ccd_kernel_c58b55f9 c58b55f load on device 'cuda:0' took 2.08 ms  (cached)
Module mujoco_warp._src.collision_primitive._create_narrowphase_kernel 6edaddc load on device 'cuda:0' took 1.27 ms  (cached)
Module mujoco_warp._src.constraint 8bed7e5 load on device 'cuda:0' took 2.20 ms  (cached)
Module mujoco_warp._src.sensor b9de671 load on device 'cuda:0' took 3.09 ms  (cached)
Module _actuator_velocity__locals__actuator_velocity_f04c5480 db8dc9c load on device 'cuda:0' took 1.80 ms  (cached)
Module mujoco_warp._src.passive eab35ec load on device 'cuda:0' took 2.14 ms  (cached)
Module mujoco_warp._src.forward 3875c24 load on device 'cuda:0' took 2.30 ms  (cached)
Module mujoco_warp._src.support b7a7a89 load on device 'cuda:0' took 1.87 ms  (cached)
Module _tile_cholesky_factorize_solve__locals__cholesky_factorize_solve_75721b92 b743607 load on device 'cuda:0' took 24.37 ms  (cached)
Module _tile_cholesky_factorize_solve__locals__cholesky_factorize_solve_c4e05987 fd0a184 load on device 'cuda:0' took 29.28 ms  (cached)
Module mujoco_warp._src.solver f8d7d7e load on device 'cuda:0' took 2.76 ms  (cached)
Module mul_m_dense__locals___mul_m_dense_803d80a2 fbc904a load on device 'cuda:0' took 55.21 ms  (cached)
Module mul_m_dense__locals___mul_m_dense_fbd60039 8924a85 load on device 'cuda:0' took 44.95 ms  (cached)
Module update_constraint_gauss_cost__locals__kernel_1f348527 1f34852 load on device 'cuda:0' took 0.40 ms  (cached)
Module update_gradient_JTDAJ_dense_tiled__locals__kernel_8b1f0b81 b7319a9 load on device 'cuda:0' took 53.84 ms  (cached)
Module update_gradient_cholesky__locals__kernel_d5b6cd93 df192df load on device 'cuda:0' took 35.41 ms  (cached)
Module linesearch_jv_fused__locals__kernel_786137e4 786137e load on device 'cuda:0' took 2.43 ms  (cached)
Module mujoco_warp._src.derivative 43453d8 load on device 'cuda:0' took 2.01 ms  (cached)
starting loop
[optimize] iteration 0
info: {'qpos_dist_max': np.float32(nan), 'qpos_dist_min': np.float32(nan), 'qpos_dist_median': np.float32(nan), 'qpos_dist_mean': np.float32(nan), 'qvel_dist_max': np.float32(nan), 'qvel_dist_min': np.float32(nan), 'qvel_dist_median': np.float32(nan), 'qvel_dist_mean': np.float32(nan), 'qpos_rew_max': np.float32(nan), 'qpos_rew_min': np.float32(nan), 'qpos_rew_median': np.float32(nan), 'qpos_rew_mean': np.float32(nan), 'qvel_rew_max': np.float32(nan), 'qvel_rew_min': np.float32(nan), 'qvel_rew_median': np.float32(nan), 'qvel_rew_mean': np.float32(nan), 'improvement': np.float32(nan), 'rew_max': np.float32(nan), 'rew_min': np.float32(nan), 'rew_median': np.float32(nan), 'rew_mean': np.float32(nan), 'trace_sample': array([], shape=(6, 1000, 0, 3), dtype=float32)}
[optimize] iteration 1
info: {'qpos_dist_max': np.float32(nan), 'qpos_dist_min': np.float32(nan), 'qpos_dist_median': np.float32(nan), 'qpos_dist_mean': np.float32(nan), 'qvel_dist_max': np.float32(nan), 'qvel_dist_min': np.float32(nan), 'qvel_dist_median': np.float32(nan), 'qvel_dist_mean': np.float32(nan), 'qpos_rew_max': np.float32(nan), 'qpos_rew_min': np.float32(nan), 'qpos_rew_median': np.float32(nan), 'qpos_rew_mean': np.float32(nan), 'qvel_rew_max': np.float32(nan), 'qvel_rew_min': np.float32(nan), 'qvel_rew_median': np.float32(nan), 'qvel_rew_mean': np.float32(nan), 'improvement': np.float32(nan), 'rew_max': np.float32(nan), 'rew_min': np.float32(nan), 'rew_median': np.float32(nan), 'rew_mean': np.float32(nan), 'trace_sample': array([], shape=(6, 1000, 0, 3), dtype=float32)}
[optimize] iteration 2
info: {'qpos_dist_max': np.float32(nan), 'qpos_dist_min': np.float32(nan), 'qpos_dist_median': np.float32(nan), 'qpos_dist_mean': np.float32(nan), 'qvel_dist_max': np.float32(nan), 'qvel_dist_min': np.float32(nan), 'qvel_dist_median': np.float32(nan), 'qvel_dist_mean': np.float32(nan), 'qpos_rew_max': np.float32(nan), 'qpos_rew_min': np.float32(nan), 'qpos_rew_median': np.float32(nan), 'qpos_rew_mean': np.float32(nan), 'qvel_rew_max': np.float32(nan), 'qvel_rew_min': np.float32(nan), 'qvel_rew_median': np.float32(nan), 'qvel_rew_mean': np.float32(nan), 'improvement': np.float32(nan), 'rew_max': np.float32(nan), 'rew_min': np.float32(nan), 'rew_median': np.float32(nan), 'rew_mean': np.float32(nan), 'trace_sample': array([], shape=(6, 1000, 0, 3), dtype=float32)}
[optimize] iteration 3
info: {'qpos_dist_max': np.float32(0.8997745), 'qpos_dist_min': np.float32(0.111308336), 'qpos_dist_median': np.float32(0.31852317), 'qpos_dist_mean': np.float32(0.33077842), 'qvel_dist_max': np.float32(10.4424925), 'qvel_dist_min': np.float32(3.2806857), 'qvel_dist_median': np.float32(4.4071684), 'qvel_dist_mean': np.float32(4.619212), 'qpos_rew_max': np.float32(-0.111308336), 'qpos_rew_min': np.float32(-0.8997745), 'qpos_rew_median': np.float32(-0.31852317), 'qpos_rew_mean': np.float32(-0.33077842), 'qvel_rew_max': np.float32(0.0), 'qvel_rew_min': np.float32(0.0), 'qvel_rew_median': np.float32(0.0), 'qvel_rew_mean': np.float32(0.0), 'improvement': np.float32(0.015189581), 'rew_max': np.float32(-0.11130827), 'rew_min': np.float32(-0.8997751), 'rew_median': np.float32(-0.3185232), 'rew_mean': np.float32(-0.33077842), 'trace_sample': array([], shape=(6, 1000, 0, 3), dtype=float32)}
[optimize] iteration 4
info: {'qpos_dist_max': np.float32(nan), 'qpos_dist_min': np.float32(nan), 'qpos_dist_median': np.float32(nan), 'qpos_dist_mean': np.float32(nan), 'qvel_dist_max': np.float32(nan), 'qvel_dist_min': np.float32(nan), 'qvel_dist_median': np.float32(nan), 'qvel_dist_mean': np.float32(nan), 'qpos_rew_max': np.float32(nan), 'qpos_rew_min': np.float32(nan), 'qpos_rew_median': np.float32(nan), 'qpos_rew_mean': np.float32(nan), 'qvel_rew_max': np.float32(nan), 'qvel_rew_min': np.float32(nan), 'qvel_rew_median': np.float32(nan), 'qvel_rew_mean': np.float32(nan), 'improvement': np.float32(nan), 'rew_max': np.float32(nan), 'rew_min': np.float32(nan), 'rew_median': np.float32(nan), 'rew_mean': np.float32(nan), 'trace_sample': array([], shape=(6, 1000, 0, 3), dtype=float32)}
[optimize] iteration 5
info: {'qpos_dist_max': np.float32(nan), 'qpos_dist_min': np.float32(nan), 'qpos_dist_median': np.float32(nan), 'qpos_dist_mean': np.float32(nan), 'qvel_dist_max': np.float32(nan), 'qvel_dist_min': np.float32(nan), 'qvel_dist_median': np.float32(nan), 'qvel_dist_mean': np.float32(nan), 'qpos_rew_max': np.float32(nan), 'qpos_rew_min': np.float32(nan), 'qpos_rew_median': np.float32(nan), 'qpos_rew_mean': np.float32(nan), 'qvel_rew_max': np.float32(nan), 'qvel_rew_min': np.float32(nan), 'qvel_rew_median': np.float32(nan), 'qvel_rew_mean': np.float32(nan), 'improvement': np.float32(nan), 'rew_max': np.float32(nan), 'rew_min': np.float32(nan), 'rew_median': np.float32(nan), 'rew_mean': np.float32(nan), 'trace_sample': array([], shape=(6, 1000, 0, 3), dtype=float32)}
[optimize] iteration 6
info: {'qpos_dist_max': np.float32(nan), 'qpos_dist_min': np.float32(nan), 'qpos_dist_median': np.float32(nan), 'qpos_dist_mean': np.float32(nan), 'qvel_dist_max': np.float32(nan), 'qvel_dist_min': np.float32(nan), 'qvel_dist_median': np.float32(nan), 'qvel_dist_mean': np.float32(nan), 'qpos_rew_max': np.float32(nan), 'qpos_rew_min': np.float32(nan), 'qpos_rew_median': np.float32(nan), 'qpos_rew_mean': np.float32(nan), 'qvel_rew_max': np.float32(nan), 'qvel_rew_min': np.float32(nan), 'qvel_rew_median': np.float32(nan), 'qvel_rew_mean': np.float32(nan), 'improvement': np.float32(nan), 'rew_max': np.float32(nan), 'rew_min': np.float32(nan), 'rew_median': np.float32(nan), 'rew_mean': np.float32(nan), 'trace_sample': array([], shape=(6, 1000, 0, 3), dtype=float32)}
[optimize] iteration 7
info: {'qpos_dist_max': np.float32(0.7877846), 'qpos_dist_min': np.float32(0.088360816), 'qpos_dist_median': np.float32(0.17735693), 'qpos_dist_mean': np.float32(0.23177388), 'qvel_dist_max': np.float32(11.062358), 'qvel_dist_min': np.float32(3.1881466), 'qvel_dist_median': np.float32(3.8056612), 'qvel_dist_mean': np.float32(4.100362), 'qpos_rew_max': np.float32(-0.088360816), 'qpos_rew_min': np.float32(-0.7877846), 'qpos_rew_median': np.float32(-0.17735693), 'qpos_rew_mean': np.float32(-0.23177388), 'qvel_rew_max': np.float32(0.0), 'qvel_rew_min': np.float32(0.0), 'qvel_rew_median': np.float32(0.0), 'qvel_rew_mean': np.float32(0.0), 'improvement': np.float32(0.060565166), 'rew_max': np.float32(-0.088360764), 'rew_min': np.float32(-0.78778464), 'rew_median': np.float32(-0.17735699), 'rew_mean': np.float32(-0.23177388), 'trace_sample': array([], shape=(6, 1000, 0, 3), dtype=float32)}
Finished optimizing
Realtime rate: 0.00, plan time: 117.1607s, sim_steps: 200/2670, opt_steps: 8[optimize] iteration 0
info: {'qpos_dist_max': np.float32(nan), 'qpos_dist_min': np.float32(nan), 'qpos_dist_median': np.float32(nan), 'qpos_dist_mean': np.float32(nan), 'qvel_dist_max': np.float32(nan), 'qvel_dist_min': np.float32(nan), 'qvel_dist_median': np.float32(nan), 'qvel_dist_mean': np.float32(nan), 'qpos_rew_max': np.float32(nan), 'qpos_rew_min': np.float32(nan), 'qpos_rew_median': np.float32(nan), 'qpos_rew_mean': np.float32(nan), 'qvel_rew_max': np.float32(nan), 'qvel_rew_min': np.float32(nan), 'qvel_rew_median': np.float32(nan), 'qvel_rew_mean': np.float32(nan), 'improvement': np.float32(nan), 'rew_max': np.float32(nan), 'rew_min': np.float32(nan), 'rew_median': np.float32(nan), 'rew_mean': np.float32(nan), 'trace_sample': array([], shape=(6, 1000, 0, 3), dtype=float32)}
[optimize] iteration 1
info: {'qpos_dist_max': np.float32(nan), 'qpos_dist_min': np.float32(nan), 'qpos_dist_median': np.float32(nan), 'qpos_dist_mean': np.float32(nan), 'qvel_dist_max': np.float32(nan), 'qvel_dist_min': np.float32(nan), 'qvel_dist_median': np.float32(nan), 'qvel_dist_mean': np.float32(nan), 'qpos_rew_max': np.float32(nan), 'qpos_rew_min': np.float32(nan), 'qpos_rew_median': np.float32(nan), 'qpos_rew_mean': np.float32(nan), 'qvel_rew_max': np.float32(nan), 'qvel_rew_min': np.float32(nan), 'qvel_rew_median': np.float32(nan), 'qvel_rew_mean': np.float32(nan), 'improvement': np.float32(nan), 'rew_max': np.float32(nan), 'rew_min': np.float32(nan), 'rew_median': np.float32(nan), 'rew_mean': np.float32(nan), 'trace_sample': array([], shape=(6, 1000, 0, 3), dtype=float32)}
[optimize] iteration 2
info: {'qpos_dist_max': np.float32(nan), 'qpos_dist_min': np.float32(nan), 'qpos_dist_median': np.float32(nan), 'qpos_dist_mean': np.float32(nan), 'qvel_dist_max': np.float32(nan), 'qvel_dist_min': np.float32(nan), 'qvel_dist_median': np.float32(nan), 'qvel_dist_mean': np.float32(nan), 'qpos_rew_max': np.float32(nan), 'qpos_rew_min': np.float32(nan), 'qpos_rew_median': np.float32(nan), 'qpos_rew_mean': np.float32(nan), 'qvel_rew_max': np.float32(nan), 'qvel_rew_min': np.float32(nan), 'qvel_rew_median': np.float32(nan), 'qvel_rew_mean': np.float32(nan), 'improvement': np.float32(nan), 'rew_max': np.float32(nan), 'rew_min': np.float32(nan), 'rew_median': np.float32(nan), 'rew_mean': np.float32(nan), 'trace_sample': array([], shape=(6, 1000, 0, 3), dtype=float32)}
[optimize] iteration 3
info: {'qpos_dist_max': np.float32(nan), 'qpos_dist_min': np.float32(nan), 'qpos_dist_median': np.float32(nan), 'qpos_dist_mean': np.float32(nan), 'qvel_dist_max': np.float32(nan), 'qvel_dist_min': np.float32(nan), 'qvel_dist_median': np.float32(nan), 'qvel_dist_mean': np.float32(nan), 'qpos_rew_max': np.float32(nan), 'qpos_rew_min': np.float32(nan), 'qpos_rew_median': np.float32(nan), 'qpos_rew_mean': np.float32(nan), 'qvel_rew_max': np.float32(nan), 'qvel_rew_min': np.float32(nan), 'qvel_rew_median': np.float32(nan), 'qvel_rew_mean': np.float32(nan), 'improvement': np.float32(nan), 'rew_max': np.float32(nan), 'rew_min': np.float32(nan), 'rew_median': np.float32(nan), 'rew_mean': np.float32(nan), 'trace_sample': array([], shape=(6, 1000, 0, 3), dtype=float32)}
[optimize] iteration 4
info: {'qpos_dist_max': np.float32(nan), 'qpos_dist_min': np.float32(nan), 'qpos_dist_median': np.float32(nan), 'qpos_dist_mean': np.float32(nan), 'qvel_dist_max': np.float32(nan), 'qvel_dist_min': np.float32(nan), 'qvel_dist_median': np.float32(nan), 'qvel_dist_mean': np.float32(nan), 'qpos_rew_max': np.float32(nan), 'qpos_rew_min': np.float32(nan), 'qpos_rew_median': np.float32(nan), 'qpos_rew_mean': np.float32(nan), 'qvel_rew_max': np.float32(nan), 'qvel_rew_min': np.float32(nan), 'qvel_rew_median': np.float32(nan), 'qvel_rew_mean': np.float32(nan), 'improvement': np.float32(nan), 'rew_max': np.float32(nan), 'rew_min': np.float32(nan), 'rew_median': np.float32(nan), 'rew_mean': np.float32(nan), 'trace_sample': array([], shape=(6, 1000, 0, 3), dtype=float32)}
[optimize] iteration 5
info: {'qpos_dist_max': np.float32(nan), 'qpos_dist_min': np.float32(nan), 'qpos_dist_median': np.float32(nan), 'qpos_dist_mean': np.float32(nan), 'qvel_dist_max': np.float32(nan), 'qvel_dist_min': np.float32(nan), 'qvel_dist_median': np.float32(nan), 'qvel_dist_mean': np.float32(nan), 'qpos_rew_max': np.float32(nan), 'qpos_rew_min': np.float32(nan), 'qpos_rew_median': np.float32(nan), 'qpos_rew_mean': np.float32(nan), 'qvel_rew_max': np.float32(nan), 'qvel_rew_min': np.float32(nan), 'qvel_rew_median': np.float32(nan), 'qvel_rew_mean': np.float32(nan), 'improvement': np.float32(nan), 'rew_max': np.float32(nan), 'rew_min': np.float32(nan), 'rew_median': np.float32(nan), 'rew_mean': np.float32(nan), 'trace_sample': array([], shape=(6, 1000, 0, 3), dtype=float32)}
[optimize] iteration 6
info: {'qpos_dist_max': np.float32(nan), 'qpos_dist_min': np.float32(nan), 'qpos_dist_median': np.float32(nan), 'qpos_dist_mean': np.float32(nan), 'qvel_dist_max': np.float32(nan), 'qvel_dist_min': np.float32(nan), 'qvel_dist_median': np.float32(nan), 'qvel_dist_mean': np.float32(nan), 'qpos_rew_max': np.float32(nan), 'qpos_rew_min': np.float32(nan), 'qpos_rew_median': np.float32(nan), 'qpos_rew_mean': np.float32(nan), 'qvel_rew_max': np.float32(nan), 'qvel_rew_min': np.float32(nan), 'qvel_rew_median': np.float32(nan), 'qvel_rew_mean': np.float32(nan), 'improvement': np.float32(nan), 'rew_max': np.float32(nan), 'rew_min': np.float32(nan), 'rew_median': np.float32(nan), 'rew_mean': np.float32(nan), 'trace_sample': array([], shape=(6, 1000, 0, 3), dtype=float32)}
[optimize] iteration 7
info: {'qpos_dist_max': np.float32(nan), 'qpos_dist_min': np.float32(nan), 'qpos_dist_median': np.float32(nan), 'qpos_dist_mean': np.float32(nan), 'qvel_dist_max': np.float32(nan), 'qvel_dist_min': np.float32(nan), 'qvel_dist_median': np.float32(nan), 'qvel_dist_mean': np.float32(nan), 'qpos_rew_max': np.float32(nan), 'qpos_rew_min': np.float32(nan), 'qpos_rew_median': np.float32(nan), 'qpos_rew_mean': np.float32(nan), 'qvel_rew_max': np.float32(nan), 'qvel_rew_min': np.float32(nan), 'qvel_rew_median': np.float32(nan), 'qvel_rew_mean': np.float32(nan), 'improvement': np.float32(nan), 'rew_max': np.float32(nan), 'rew_min': np.float32(nan), 'rew_median': np.float32(nan), 'rew_mean': np.float32(nan), 'trace_sample': array([], shape=(6, 1000, 0, 3), dtype=float32)}
Finished optimizing
Realtime rate: 0.00, plan time: 112.7980s, sim_steps: 400/2670, opt_steps: 8[optimize] iteration 0
info: {'qpos_dist_max': np.float32(nan), 'qpos_dist_min': np.float32(nan), 'qpos_dist_median': np.float32(nan), 'qpos_dist_mean': np.float32(nan), 'qvel_dist_max': np.float32(nan), 'qvel_dist_min': np.float32(nan), 'qvel_dist_median': np.float32(nan), 'qvel_dist_mean': np.float32(nan), 'qpos_rew_max': np.float32(nan), 'qpos_rew_min': np.float32(nan), 'qpos_rew_median': np.float32(nan), 'qpos_rew_mean': np.float32(nan), 'qvel_rew_max': np.float32(nan), 'qvel_rew_min': np.float32(nan), 'qvel_rew_median': np.float32(nan), 'qvel_rew_mean': np.float32(nan), 'improvement': np.float32(nan), 'rew_max': np.float32(nan), 'rew_min': np.float32(nan), 'rew_median': np.float32(nan), 'rew_mean': np.float32(nan), 'trace_sample': array([], shape=(6, 1000, 0, 3), dtype=float32)}
[optimize] iteration 1
info: {'qpos_dist_max': np.float32(nan), 'qpos_dist_min': np.float32(nan), 'qpos_dist_median': np.float32(nan), 'qpos_dist_mean': np.float32(nan), 'qvel_dist_max': np.float32(nan), 'qvel_dist_min': np.float32(nan), 'qvel_dist_median': np.float32(nan), 'qvel_dist_mean': np.float32(nan), 'qpos_rew_max': np.float32(nan), 'qpos_rew_min': np.float32(nan), 'qpos_rew_median': np.float32(nan), 'qpos_rew_mean': np.float32(nan), 'qvel_rew_max': np.float32(nan), 'qvel_rew_min': np.float32(nan), 'qvel_rew_median': np.float32(nan), 'qvel_rew_mean': np.float32(nan), 'improvement': np.float32(nan), 'rew_max': np.float32(nan), 'rew_min': np.float32(nan), 'rew_median': np.float32(nan), 'rew_mean': np.float32(nan), 'trace_sample': array([], shape=(6, 1000, 0, 3), dtype=float32)}
[optimize] iteration 2
info: {'qpos_dist_max': np.float32(nan), 'qpos_dist_min': np.float32(nan), 'qpos_dist_median': np.float32(nan), 'qpos_dist_mean': np.float32(nan), 'qvel_dist_max': np.float32(nan), 'qvel_dist_min': np.float32(nan), 'qvel_dist_median': np.float32(nan), 'qvel_dist_mean': np.float32(nan), 'qpos_rew_max': np.float32(nan), 'qpos_rew_min': np.float32(nan), 'qpos_rew_median': np.float32(nan), 'qpos_rew_mean': np.float32(nan), 'qvel_rew_max': np.float32(nan), 'qvel_rew_min': np.float32(nan), 'qvel_rew_median': np.float32(nan), 'qvel_rew_mean': np.float32(nan), 'improvement': np.float32(nan), 'rew_max': np.float32(nan), 'rew_min': np.float32(nan), 'rew_median': np.float32(nan), 'rew_mean': np.float32(nan), 'trace_sample': array([], shape=(6, 1000, 0, 3), dtype=float32)}
[optimize] iteration 3
info: {'qpos_dist_max': np.float32(nan), 'qpos_dist_min': np.float32(nan), 'qpos_dist_median': np.float32(nan), 'qpos_dist_mean': np.float32(nan), 'qvel_dist_max': np.float32(nan), 'qvel_dist_min': np.float32(nan), 'qvel_dist_median': np.float32(nan), 'qvel_dist_mean': np.float32(nan), 'qpos_rew_max': np.float32(nan), 'qpos_rew_min': np.float32(nan), 'qpos_rew_median': np.float32(nan), 'qpos_rew_mean': np.float32(nan), 'qvel_rew_max': np.float32(nan), 'qvel_rew_min': np.float32(nan), 'qvel_rew_median': np.float32(nan), 'qvel_rew_mean': np.float32(nan), 'improvement': np.float32(nan), 'rew_max': np.float32(nan), 'rew_min': np.float32(nan), 'rew_median': np.float32(nan), 'rew_mean': np.float32(nan), 'trace_sample': array([], shape=(6, 1000, 0, 3), dtype=float32)}
[optimize] iteration 4
info: {'qpos_dist_max': np.float32(nan), 'qpos_dist_min': np.float32(nan), 'qpos_dist_median': np.float32(nan), 'qpos_dist_mean': np.float32(nan), 'qvel_dist_max': np.float32(nan), 'qvel_dist_min': np.float32(nan), 'qvel_dist_median': np.float32(nan), 'qvel_dist_mean': np.float32(nan), 'qpos_rew_max': np.float32(nan), 'qpos_rew_min': np.float32(nan), 'qpos_rew_median': np.float32(nan), 'qpos_rew_mean': np.float32(nan), 'qvel_rew_max': np.float32(nan), 'qvel_rew_min': np.float32(nan), 'qvel_rew_median': np.float32(nan), 'qvel_rew_mean': np.float32(nan), 'improvement': np.float32(nan), 'rew_max': np.float32(nan), 'rew_min': np.float32(nan), 'rew_median': np.float32(nan), 'rew_mean': np.float32(nan), 'trace_sample': array([], shape=(6, 1000, 0, 3), dtype=float32)}
[optimize] iteration 5
info: {'qpos_dist_max': np.float32(nan), 'qpos_dist_min': np.float32(nan), 'qpos_dist_median': np.float32(nan), 'qpos_dist_mean': np.float32(nan), 'qvel_dist_max': np.float32(nan), 'qvel_dist_min': np.float32(nan), 'qvel_dist_median': np.float32(nan), 'qvel_dist_mean': np.float32(nan), 'qpos_rew_max': np.float32(nan), 'qpos_rew_min': np.float32(nan), 'qpos_rew_median': np.float32(nan), 'qpos_rew_mean': np.float32(nan), 'qvel_rew_max': np.float32(nan), 'qvel_rew_min': np.float32(nan), 'qvel_rew_median': np.float32(nan), 'qvel_rew_mean': np.float32(nan), 'improvement': np.float32(nan), 'rew_max': np.float32(nan), 'rew_min': np.float32(nan), 'rew_median': np.float32(nan), 'rew_mean': np.float32(nan), 'trace_sample': array([], shape=(6, 1000, 0, 3), dtype=float32)}
[optimize] iteration 6
info: {'qpos_dist_max': np.float32(nan), 'qpos_dist_min': np.float32(nan), 'qpos_dist_median': np.float32(nan), 'qpos_dist_mean': np.float32(nan), 'qvel_dist_max': np.float32(nan), 'qvel_dist_min': np.float32(nan), 'qvel_dist_median': np.float32(nan), 'qvel_dist_mean': np.float32(nan), 'qpos_rew_max': np.float32(nan), 'qpos_rew_min': np.float32(nan), 'qpos_rew_median': np.float32(nan), 'qpos_rew_mean': np.float32(nan), 'qvel_rew_max': np.float32(nan), 'qvel_rew_min': np.float32(nan), 'qvel_rew_median': np.float32(nan), 'qvel_rew_mean': np.float32(nan), 'improvement': np.float32(nan), 'rew_max': np.float32(nan), 'rew_min': np.float32(nan), 'rew_median': np.float32(nan), 'rew_mean': np.float32(nan), 'trace_sample': array([], shape=(6, 1000, 0, 3), dtype=float32)}
[optimize] iteration 7
info: {'qpos_dist_max': np.float32(nan), 'qpos_dist_min': np.float32(nan), 'qpos_dist_median': np.float32(nan), 'qpos_dist_mean': np.float32(nan), 'qvel_dist_max': np.float32(nan), 'qvel_dist_min': np.float32(nan), 'qvel_dist_median': np.float32(nan), 'qvel_dist_mean': np.float32(nan), 'qpos_rew_max': np.float32(nan), 'qpos_rew_min': np.float32(nan), 'qpos_rew_median': np.float32(nan), 'qpos_rew_mean': np.float32(nan), 'qvel_rew_max': np.float32(nan), 'qvel_rew_min': np.float32(nan), 'qvel_rew_median': np.float32(nan), 'qvel_rew_mean': np.float32(nan), 'improvement': np.float32(nan), 'rew_max': np.float32(nan), 'rew_min': np.float32(nan), 'rew_median': np.float32(nan), 'rew_mean': np.float32(nan), 'trace_sample': array([], shape=(6, 1000, 0, 3), dtype=float32)}
Finished optimizing
Realtime rate: 0.00, plan time: 113.8366s, sim_steps: 600/2670, opt_steps: 8[optimize] iteration 0
info: {'qpos_dist_max': np.float32(nan), 'qpos_dist_min': np.float32(nan), 'qpos_dist_median': np.float32(nan), 'qpos_dist_mean': np.float32(nan), 'qvel_dist_max': np.float32(nan), 'qvel_dist_min': np.float32(nan), 'qvel_dist_median': np.float32(nan), 'qvel_dist_mean': np.float32(nan), 'qpos_rew_max': np.float32(nan), 'qpos_rew_min': np.float32(nan), 'qpos_rew_median': np.float32(nan), 'qpos_rew_mean': np.float32(nan), 'qvel_rew_max': np.float32(nan), 'qvel_rew_min': np.float32(nan), 'qvel_rew_median': np.float32(nan), 'qvel_rew_mean': np.float32(nan), 'improvement': np.float32(nan), 'rew_max': np.float32(nan), 'rew_min': np.float32(nan), 'rew_median': np.float32(nan), 'rew_mean': np.float32(nan), 'trace_sample': array([], shape=(6, 1000, 0, 3), dtype=float32)}
[optimize] iteration 1
info: {'qpos_dist_max': np.float32(nan), 'qpos_dist_min': np.float32(nan), 'qpos_dist_median': np.float32(nan), 'qpos_dist_mean': np.float32(nan), 'qvel_dist_max': np.float32(nan), 'qvel_dist_min': np.float32(nan), 'qvel_dist_median': np.float32(nan), 'qvel_dist_mean': np.float32(nan), 'qpos_rew_max': np.float32(nan), 'qpos_rew_min': np.float32(nan), 'qpos_rew_median': np.float32(nan), 'qpos_rew_mean': np.float32(nan), 'qvel_rew_max': np.float32(nan), 'qvel_rew_min': np.float32(nan), 'qvel_rew_median': np.float32(nan), 'qvel_rew_mean': np.float32(nan), 'improvement': np.float32(nan), 'rew_max': np.float32(nan), 'rew_min': np.float32(nan), 'rew_median': np.float32(nan), 'rew_mean': np.float32(nan), 'trace_sample': array([], shape=(6, 1000, 0, 3), dtype=float32)}
[optimize] iteration 2
info: {'qpos_dist_max': np.float32(nan), 'qpos_dist_min': np.float32(nan), 'qpos_dist_median': np.float32(nan), 'qpos_dist_mean': np.float32(nan), 'qvel_dist_max': np.float32(nan), 'qvel_dist_min': np.float32(nan), 'qvel_dist_median': np.float32(nan), 'qvel_dist_mean': np.float32(nan), 'qpos_rew_max': np.float32(nan), 'qpos_rew_min': np.float32(nan), 'qpos_rew_median': np.float32(nan), 'qpos_rew_mean': np.float32(nan), 'qvel_rew_max': np.float32(nan), 'qvel_rew_min': np.float32(nan), 'qvel_rew_median': np.float32(nan), 'qvel_rew_mean': np.float32(nan), 'improvement': np.float32(nan), 'rew_max': np.float32(nan), 'rew_min': np.float32(nan), 'rew_median': np.float32(nan), 'rew_mean': np.float32(nan), 'trace_sample': array([], shape=(6, 1000, 0, 3), dtype=float32)}
[optimize] iteration 3
info: {'qpos_dist_max': np.float32(nan), 'qpos_dist_min': np.float32(nan), 'qpos_dist_median': np.float32(nan), 'qpos_dist_mean': np.float32(nan), 'qvel_dist_max': np.float32(nan), 'qvel_dist_min': np.float32(nan), 'qvel_dist_median': np.float32(nan), 'qvel_dist_mean': np.float32(nan), 'qpos_rew_max': np.float32(nan), 'qpos_rew_min': np.float32(nan), 'qpos_rew_median': np.float32(nan), 'qpos_rew_mean': np.float32(nan), 'qvel_rew_max': np.float32(nan), 'qvel_rew_min': np.float32(nan), 'qvel_rew_median': np.float32(nan), 'qvel_rew_mean': np.float32(nan), 'improvement': np.float32(nan), 'rew_max': np.float32(nan), 'rew_min': np.float32(nan), 'rew_median': np.float32(nan), 'rew_mean': np.float32(nan), 'trace_sample': array([], shape=(6, 1000, 0, 3), dtype=float32)}
[optimize] iteration 4
info: {'qpos_dist_max': np.float32(nan), 'qpos_dist_min': np.float32(nan), 'qpos_dist_median': np.float32(nan), 'qpos_dist_mean': np.float32(nan), 'qvel_dist_max': np.float32(nan), 'qvel_dist_min': np.float32(nan), 'qvel_dist_median': np.float32(nan), 'qvel_dist_mean': np.float32(nan), 'qpos_rew_max': np.float32(nan), 'qpos_rew_min': np.float32(nan), 'qpos_rew_median': np.float32(nan), 'qpos_rew_mean': np.float32(nan), 'qvel_rew_max': np.float32(nan), 'qvel_rew_min': np.float32(nan), 'qvel_rew_median': np.float32(nan), 'qvel_rew_mean': np.float32(nan), 'improvement': np.float32(nan), 'rew_max': np.float32(nan), 'rew_min': np.float32(nan), 'rew_median': np.float32(nan), 'rew_mean': np.float32(nan), 'trace_sample': array([], shape=(6, 1000, 0, 3), dtype=float32)}
[optimize] iteration 5
info: {'qpos_dist_max': np.float32(nan), 'qpos_dist_min': np.float32(nan), 'qpos_dist_median': np.float32(nan), 'qpos_dist_mean': np.float32(nan), 'qvel_dist_max': np.float32(nan), 'qvel_dist_min': np.float32(nan), 'qvel_dist_median': np.float32(nan), 'qvel_dist_mean': np.float32(nan), 'qpos_rew_max': np.float32(nan), 'qpos_rew_min': np.float32(nan), 'qpos_rew_median': np.float32(nan), 'qpos_rew_mean': np.float32(nan), 'qvel_rew_max': np.float32(nan), 'qvel_rew_min': np.float32(nan), 'qvel_rew_median': np.float32(nan), 'qvel_rew_mean': np.float32(nan), 'improvement': np.float32(nan), 'rew_max': np.float32(nan), 'rew_min': np.float32(nan), 'rew_median': np.float32(nan), 'rew_mean': np.float32(nan), 'trace_sample': array([], shape=(6, 1000, 0, 3), dtype=float32)}
[optimize] iteration 6
info: {'qpos_dist_max': np.float32(nan), 'qpos_dist_min': np.float32(nan), 'qpos_dist_median': np.float32(nan), 'qpos_dist_mean': np.float32(nan), 'qvel_dist_max': np.float32(nan), 'qvel_dist_min': np.float32(nan), 'qvel_dist_median': np.float32(nan), 'qvel_dist_mean': np.float32(nan), 'qpos_rew_max': np.float32(nan), 'qpos_rew_min': np.float32(nan), 'qpos_rew_median': np.float32(nan), 'qpos_rew_mean': np.float32(nan), 'qvel_rew_max': np.float32(nan), 'qvel_rew_min': np.float32(nan), 'qvel_rew_median': np.float32(nan), 'qvel_rew_mean': np.float32(nan), 'improvement': np.float32(nan), 'rew_max': np.float32(nan), 'rew_min': np.float32(nan), 'rew_median': np.float32(nan), 'rew_mean': np.float32(nan), 'trace_sample': array([], shape=(6, 1000, 0, 3), dtype=float32)}
[optimize] iteration 7
info: {'qpos_dist_max': np.float32(nan), 'qpos_dist_min': np.float32(nan), 'qpos_dist_median': np.float32(nan), 'qpos_dist_mean': np.float32(nan), 'qvel_dist_max': np.float32(nan), 'qvel_dist_min': np.float32(nan), 'qvel_dist_median': np.float32(nan), 'qvel_dist_mean': np.float32(nan), 'qpos_rew_max': np.float32(nan), 'qpos_rew_min': np.float32(nan), 'qpos_rew_median': np.float32(nan), 'qpos_rew_mean': np.float32(nan), 'qvel_rew_max': np.float32(nan), 'qvel_rew_min': np.float32(nan), 'qvel_rew_median': np.float32(nan), 'qvel_rew_mean': np.float32(nan), 'improvement': np.float32(nan), 'rew_max': np.float32(nan), 'rew_min': np.float32(nan), 'rew_median': np.float32(nan), 'rew_mean': np.float32(nan), 'trace_sample': array([], shape=(6, 1000, 0, 3), dtype=float32)}
Finished optimizing
Realtime rate: 0.00, plan time: 105.0238s, sim_steps: 800/2670, opt_steps: 8[optimize] iteration 0
info: {'qpos_dist_max': np.float32(nan), 'qpos_dist_min': np.float32(nan), 'qpos_dist_median': np.float32(nan), 'qpos_dist_mean': np.float32(nan), 'qvel_dist_max': np.float32(nan), 'qvel_dist_min': np.float32(nan), 'qvel_dist_median': np.float32(nan), 'qvel_dist_mean': np.float32(nan), 'qpos_rew_max': np.float32(nan), 'qpos_rew_min': np.float32(nan), 'qpos_rew_median': np.float32(nan), 'qpos_rew_mean': np.float32(nan), 'qvel_rew_max': np.float32(nan), 'qvel_rew_min': np.float32(nan), 'qvel_rew_median': np.float32(nan), 'qvel_rew_mean': np.float32(nan), 'improvement': np.float32(nan), 'rew_max': np.float32(nan), 'rew_min': np.float32(nan), 'rew_median': np.float32(nan), 'rew_mean': np.float32(nan), 'trace_sample': array([], shape=(6, 1000, 0, 3), dtype=float32)}
[optimize] iteration 1
info: {'qpos_dist_max': np.float32(nan), 'qpos_dist_min': np.float32(nan), 'qpos_dist_median': np.float32(nan), 'qpos_dist_mean': np.float32(nan), 'qvel_dist_max': np.float32(nan), 'qvel_dist_min': np.float32(nan), 'qvel_dist_median': np.float32(nan), 'qvel_dist_mean': np.float32(nan), 'qpos_rew_max': np.float32(nan), 'qpos_rew_min': np.float32(nan), 'qpos_rew_median': np.float32(nan), 'qpos_rew_mean': np.float32(nan), 'qvel_rew_max': np.float32(nan), 'qvel_rew_min': np.float32(nan), 'qvel_rew_median': np.float32(nan), 'qvel_rew_mean': np.float32(nan), 'improvement': np.float32(nan), 'rew_max': np.float32(nan), 'rew_min': np.float32(nan), 'rew_median': np.float32(nan), 'rew_mean': np.float32(nan), 'trace_sample': array([], shape=(6, 1000, 0, 3), dtype=float32)}
[optimize] iteration 2
info: {'qpos_dist_max': np.float32(nan), 'qpos_dist_min': np.float32(nan), 'qpos_dist_median': np.float32(nan), 'qpos_dist_mean': np.float32(nan), 'qvel_dist_max': np.float32(nan), 'qvel_dist_min': np.float32(nan), 'qvel_dist_median': np.float32(nan), 'qvel_dist_mean': np.float32(nan), 'qpos_rew_max': np.float32(nan), 'qpos_rew_min': np.float32(nan), 'qpos_rew_median': np.float32(nan), 'qpos_rew_mean': np.float32(nan), 'qvel_rew_max': np.float32(nan), 'qvel_rew_min': np.float32(nan), 'qvel_rew_median': np.float32(nan), 'qvel_rew_mean': np.float32(nan), 'improvement': np.float32(nan), 'rew_max': np.float32(nan), 'rew_min': np.float32(nan), 'rew_median': np.float32(nan), 'rew_mean': np.float32(nan), 'trace_sample': array([], shape=(6, 1000, 0, 3), dtype=float32)}
[optimize] iteration 3
info: {'qpos_dist_max': np.float32(nan), 'qpos_dist_min': np.float32(nan), 'qpos_dist_median': np.float32(nan), 'qpos_dist_mean': np.float32(nan), 'qvel_dist_max': np.float32(nan), 'qvel_dist_min': np.float32(nan), 'qvel_dist_median': np.float32(nan), 'qvel_dist_mean': np.float32(nan), 'qpos_rew_max': np.float32(nan), 'qpos_rew_min': np.float32(nan), 'qpos_rew_median': np.float32(nan), 'qpos_rew_mean': np.float32(nan), 'qvel_rew_max': np.float32(nan), 'qvel_rew_min': np.float32(nan), 'qvel_rew_median': np.float32(nan), 'qvel_rew_mean': np.float32(nan), 'improvement': np.float32(nan), 'rew_max': np.float32(nan), 'rew_min': np.float32(nan), 'rew_median': np.float32(nan), 'rew_mean': np.float32(nan), 'trace_sample': array([], shape=(6, 1000, 0, 3), dtype=float32)}
[optimize] iteration 4
info: {'qpos_dist_max': np.float32(nan), 'qpos_dist_min': np.float32(nan), 'qpos_dist_median': np.float32(nan), 'qpos_dist_mean': np.float32(nan), 'qvel_dist_max': np.float32(nan), 'qvel_dist_min': np.float32(nan), 'qvel_dist_median': np.float32(nan), 'qvel_dist_mean': np.float32(nan), 'qpos_rew_max': np.float32(nan), 'qpos_rew_min': np.float32(nan), 'qpos_rew_median': np.float32(nan), 'qpos_rew_mean': np.float32(nan), 'qvel_rew_max': np.float32(nan), 'qvel_rew_min': np.float32(nan), 'qvel_rew_median': np.float32(nan), 'qvel_rew_mean': np.float32(nan), 'improvement': np.float32(nan), 'rew_max': np.float32(nan), 'rew_min': np.float32(nan), 'rew_median': np.float32(nan), 'rew_mean': np.float32(nan), 'trace_sample': array([], shape=(6, 1000, 0, 3), dtype=float32)}
[optimize] iteration 5
info: {'qpos_dist_max': np.float32(nan), 'qpos_dist_min': np.float32(nan), 'qpos_dist_median': np.float32(nan), 'qpos_dist_mean': np.float32(nan), 'qvel_dist_max': np.float32(nan), 'qvel_dist_min': np.float32(nan), 'qvel_dist_median': np.float32(nan), 'qvel_dist_mean': np.float32(nan), 'qpos_rew_max': np.float32(nan), 'qpos_rew_min': np.float32(nan), 'qpos_rew_median': np.float32(nan), 'qpos_rew_mean': np.float32(nan), 'qvel_rew_max': np.float32(nan), 'qvel_rew_min': np.float32(nan), 'qvel_rew_median': np.float32(nan), 'qvel_rew_mean': np.float32(nan), 'improvement': np.float32(nan), 'rew_max': np.float32(nan), 'rew_min': np.float32(nan), 'rew_median': np.float32(nan), 'rew_mean': np.float32(nan), 'trace_sample': array([], shape=(6, 1000, 0, 3), dtype=float32)}
[optimize] iteration 6
info: {'qpos_dist_max': np.float32(nan), 'qpos_dist_min': np.float32(nan), 'qpos_dist_median': np.float32(nan), 'qpos_dist_mean': np.float32(nan), 'qvel_dist_max': np.float32(nan), 'qvel_dist_min': np.float32(nan), 'qvel_dist_median': np.float32(nan), 'qvel_dist_mean': np.float32(nan), 'qpos_rew_max': np.float32(nan), 'qpos_rew_min': np.float32(nan), 'qpos_rew_median': np.float32(nan), 'qpos_rew_mean': np.float32(nan), 'qvel_rew_max': np.float32(nan), 'qvel_rew_min': np.float32(nan), 'qvel_rew_median': np.float32(nan), 'qvel_rew_mean': np.float32(nan), 'improvement': np.float32(nan), 'rew_max': np.float32(nan), 'rew_min': np.float32(nan), 'rew_median': np.float32(nan), 'rew_mean': np.float32(nan), 'trace_sample': array([], shape=(6, 1000, 0, 3), dtype=float32)}
[optimize] iteration 7
info: {'qpos_dist_max': np.float32(nan), 'qpos_dist_min': np.float32(nan), 'qpos_dist_median': np.float32(nan), 'qpos_dist_mean': np.float32(nan), 'qvel_dist_max': np.float32(nan), 'qvel_dist_min': np.float32(nan), 'qvel_dist_median': np.float32(nan), 'qvel_dist_mean': np.float32(nan), 'qpos_rew_max': np.float32(nan), 'qpos_rew_min': np.float32(nan), 'qpos_rew_median': np.float32(nan), 'qpos_rew_mean': np.float32(nan), 'qvel_rew_max': np.float32(nan), 'qvel_rew_min': np.float32(nan), 'qvel_rew_median': np.float32(nan), 'qvel_rew_mean': np.float32(nan), 'improvement': np.float32(nan), 'rew_max': np.float32(nan), 'rew_min': np.float32(nan), 'rew_median': np.float32(nan), 'rew_mean': np.float32(nan), 'trace_sample': array([], shape=(6, 1000, 0, 3), dtype=float32)}
Finished optimizing
Realtime rate: 0.00, plan time: 101.2892s, sim_steps: 1000/2670, opt_steps: 8[optimize] iteration 0
info: {'qpos_dist_max': np.float32(nan), 'qpos_dist_min': np.float32(nan), 'qpos_dist_median': np.float32(nan), 'qpos_dist_mean': np.float32(nan), 'qvel_dist_max': np.float32(nan), 'qvel_dist_min': np.float32(nan), 'qvel_dist_median': np.float32(nan), 'qvel_dist_mean': np.float32(nan), 'qpos_rew_max': np.float32(nan), 'qpos_rew_min': np.float32(nan), 'qpos_rew_median': np.float32(nan), 'qpos_rew_mean': np.float32(nan), 'qvel_rew_max': np.float32(nan), 'qvel_rew_min': np.float32(nan), 'qvel_rew_median': np.float32(nan), 'qvel_rew_mean': np.float32(nan), 'improvement': np.float32(nan), 'rew_max': np.float32(nan), 'rew_min': np.float32(nan), 'rew_median': np.float32(nan), 'rew_mean': np.float32(nan), 'trace_sample': array([], shape=(6, 1000, 0, 3), dtype=float32)}
[optimize] iteration 1
info: {'qpos_dist_max': np.float32(nan), 'qpos_dist_min': np.float32(nan), 'qpos_dist_median': np.float32(nan), 'qpos_dist_mean': np.float32(nan), 'qvel_dist_max': np.float32(nan), 'qvel_dist_min': np.float32(nan), 'qvel_dist_median': np.float32(nan), 'qvel_dist_mean': np.float32(nan), 'qpos_rew_max': np.float32(nan), 'qpos_rew_min': np.float32(nan), 'qpos_rew_median': np.float32(nan), 'qpos_rew_mean': np.float32(nan), 'qvel_rew_max': np.float32(nan), 'qvel_rew_min': np.float32(nan), 'qvel_rew_median': np.float32(nan), 'qvel_rew_mean': np.float32(nan), 'improvement': np.float32(nan), 'rew_max': np.float32(nan), 'rew_min': np.float32(nan), 'rew_median': np.float32(nan), 'rew_mean': np.float32(nan), 'trace_sample': array([], shape=(6, 1000, 0, 3), dtype=float32)}
[optimize] iteration 2
info: {'qpos_dist_max': np.float32(nan), 'qpos_dist_min': np.float32(nan), 'qpos_dist_median': np.float32(nan), 'qpos_dist_mean': np.float32(nan), 'qvel_dist_max': np.float32(nan), 'qvel_dist_min': np.float32(nan), 'qvel_dist_median': np.float32(nan), 'qvel_dist_mean': np.float32(nan), 'qpos_rew_max': np.float32(nan), 'qpos_rew_min': np.float32(nan), 'qpos_rew_median': np.float32(nan), 'qpos_rew_mean': np.float32(nan), 'qvel_rew_max': np.float32(nan), 'qvel_rew_min': np.float32(nan), 'qvel_rew_median': np.float32(nan), 'qvel_rew_mean': np.float32(nan), 'improvement': np.float32(nan), 'rew_max': np.float32(nan), 'rew_min': np.float32(nan), 'rew_median': np.float32(nan), 'rew_mean': np.float32(nan), 'trace_sample': array([], shape=(6, 1000, 0, 3), dtype=float32)}
[optimize] iteration 3
info: {'qpos_dist_max': np.float32(nan), 'qpos_dist_min': np.float32(nan), 'qpos_dist_median': np.float32(nan), 'qpos_dist_mean': np.float32(nan), 'qvel_dist_max': np.float32(nan), 'qvel_dist_min': np.float32(nan), 'qvel_dist_median': np.float32(nan), 'qvel_dist_mean': np.float32(nan), 'qpos_rew_max': np.float32(nan), 'qpos_rew_min': np.float32(nan), 'qpos_rew_median': np.float32(nan), 'qpos_rew_mean': np.float32(nan), 'qvel_rew_max': np.float32(nan), 'qvel_rew_min': np.float32(nan), 'qvel_rew_median': np.float32(nan), 'qvel_rew_mean': np.float32(nan), 'improvement': np.float32(nan), 'rew_max': np.float32(nan), 'rew_min': np.float32(nan), 'rew_median': np.float32(nan), 'rew_mean': np.float32(nan), 'trace_sample': array([], shape=(6, 1000, 0, 3), dtype=float32)}
[optimize] iteration 4
info: {'qpos_dist_max': np.float32(nan), 'qpos_dist_min': np.float32(nan), 'qpos_dist_median': np.float32(nan), 'qpos_dist_mean': np.float32(nan), 'qvel_dist_max': np.float32(nan), 'qvel_dist_min': np.float32(nan), 'qvel_dist_median': np.float32(nan), 'qvel_dist_mean': np.float32(nan), 'qpos_rew_max': np.float32(nan), 'qpos_rew_min': np.float32(nan), 'qpos_rew_median': np.float32(nan), 'qpos_rew_mean': np.float32(nan), 'qvel_rew_max': np.float32(nan), 'qvel_rew_min': np.float32(nan), 'qvel_rew_median': np.float32(nan), 'qvel_rew_mean': np.float32(nan), 'improvement': np.float32(nan), 'rew_max': np.float32(nan), 'rew_min': np.float32(nan), 'rew_median': np.float32(nan), 'rew_mean': np.float32(nan), 'trace_sample': array([], shape=(6, 1000, 0, 3), dtype=float32)}
[optimize] iteration 5
info: {'qpos_dist_max': np.float32(nan), 'qpos_dist_min': np.float32(nan), 'qpos_dist_median': np.float32(nan), 'qpos_dist_mean': np.float32(nan), 'qvel_dist_max': np.float32(nan), 'qvel_dist_min': np.float32(nan), 'qvel_dist_median': np.float32(nan), 'qvel_dist_mean': np.float32(nan), 'qpos_rew_max': np.float32(nan), 'qpos_rew_min': np.float32(nan), 'qpos_rew_median': np.float32(nan), 'qpos_rew_mean': np.float32(nan), 'qvel_rew_max': np.float32(nan), 'qvel_rew_min': np.float32(nan), 'qvel_rew_median': np.float32(nan), 'qvel_rew_mean': np.float32(nan), 'improvement': np.float32(nan), 'rew_max': np.float32(nan), 'rew_min': np.float32(nan), 'rew_median': np.float32(nan), 'rew_mean': np.float32(nan), 'trace_sample': array([], shape=(6, 1000, 0, 3), dtype=float32)}
[optimize] iteration 6
info: {'qpos_dist_max': np.float32(nan), 'qpos_dist_min': np.float32(nan), 'qpos_dist_median': np.float32(nan), 'qpos_dist_mean': np.float32(nan), 'qvel_dist_max': np.float32(nan), 'qvel_dist_min': np.float32(nan), 'qvel_dist_median': np.float32(nan), 'qvel_dist_mean': np.float32(nan), 'qpos_rew_max': np.float32(nan), 'qpos_rew_min': np.float32(nan), 'qpos_rew_median': np.float32(nan), 'qpos_rew_mean': np.float32(nan), 'qvel_rew_max': np.float32(nan), 'qvel_rew_min': np.float32(nan), 'qvel_rew_median': np.float32(nan), 'qvel_rew_mean': np.float32(nan), 'improvement': np.float32(nan), 'rew_max': np.float32(nan), 'rew_min': np.float32(nan), 'rew_median': np.float32(nan), 'rew_mean': np.float32(nan), 'trace_sample': array([], shape=(6, 1000, 0, 3), dtype=float32)}
[optimize] iteration 7
info: {'qpos_dist_max': np.float32(nan), 'qpos_dist_min': np.float32(nan), 'qpos_dist_median': np.float32(nan), 'qpos_dist_mean': np.float32(nan), 'qvel_dist_max': np.float32(nan), 'qvel_dist_min': np.float32(nan), 'qvel_dist_median': np.float32(nan), 'qvel_dist_mean': np.float32(nan), 'qpos_rew_max': np.float32(nan), 'qpos_rew_min': np.float32(nan), 'qpos_rew_median': np.float32(nan), 'qpos_rew_mean': np.float32(nan), 'qvel_rew_max': np.float32(nan), 'qvel_rew_min': np.float32(nan), 'qvel_rew_median': np.float32(nan), 'qvel_rew_mean': np.float32(nan), 'improvement': np.float32(nan), 'rew_max': np.float32(nan), 'rew_min': np.float32(nan), 'rew_median': np.float32(nan), 'rew_mean': np.float32(nan), 'trace_sample': array([], shape=(6, 1000, 0, 3), dtype=float32)}
Finished optimizing
Realtime rate: 0.00, plan time: 83.0208s, sim_steps: 1200/2670, opt_steps: 8[optimize] iteration 0
info: {'qpos_dist_max': np.float32(nan), 'qpos_dist_min': np.float32(nan), 'qpos_dist_median': np.float32(nan), 'qpos_dist_mean': np.float32(nan), 'qvel_dist_max': np.float32(nan), 'qvel_dist_min': np.float32(nan), 'qvel_dist_median': np.float32(nan), 'qvel_dist_mean': np.float32(nan), 'qpos_rew_max': np.float32(nan), 'qpos_rew_min': np.float32(nan), 'qpos_rew_median': np.float32(nan), 'qpos_rew_mean': np.float32(nan), 'qvel_rew_max': np.float32(nan), 'qvel_rew_min': np.float32(nan), 'qvel_rew_median': np.float32(nan), 'qvel_rew_mean': np.float32(nan), 'improvement': np.float32(nan), 'rew_max': np.float32(nan), 'rew_min': np.float32(nan), 'rew_median': np.float32(nan), 'rew_mean': np.float32(nan), 'trace_sample': array([], shape=(6, 1000, 0, 3), dtype=float32)}
[optimize] iteration 1
info: {'qpos_dist_max': np.float32(nan), 'qpos_dist_min': np.float32(nan), 'qpos_dist_median': np.float32(nan), 'qpos_dist_mean': np.float32(nan), 'qvel_dist_max': np.float32(nan), 'qvel_dist_min': np.float32(nan), 'qvel_dist_median': np.float32(nan), 'qvel_dist_mean': np.float32(nan), 'qpos_rew_max': np.float32(nan), 'qpos_rew_min': np.float32(nan), 'qpos_rew_median': np.float32(nan), 'qpos_rew_mean': np.float32(nan), 'qvel_rew_max': np.float32(nan), 'qvel_rew_min': np.float32(nan), 'qvel_rew_median': np.float32(nan), 'qvel_rew_mean': np.float32(nan), 'improvement': np.float32(nan), 'rew_max': np.float32(nan), 'rew_min': np.float32(nan), 'rew_median': np.float32(nan), 'rew_mean': np.float32(nan), 'trace_sample': array([], shape=(6, 1000, 0, 3), dtype=float32)}
[optimize] iteration 2
info: {'qpos_dist_max': np.float32(nan), 'qpos_dist_min': np.float32(nan), 'qpos_dist_median': np.float32(nan), 'qpos_dist_mean': np.float32(nan), 'qvel_dist_max': np.float32(nan), 'qvel_dist_min': np.float32(nan), 'qvel_dist_median': np.float32(nan), 'qvel_dist_mean': np.float32(nan), 'qpos_rew_max': np.float32(nan), 'qpos_rew_min': np.float32(nan), 'qpos_rew_median': np.float32(nan), 'qpos_rew_mean': np.float32(nan), 'qvel_rew_max': np.float32(nan), 'qvel_rew_min': np.float32(nan), 'qvel_rew_median': np.float32(nan), 'qvel_rew_mean': np.float32(nan), 'improvement': np.float32(nan), 'rew_max': np.float32(nan), 'rew_min': np.float32(nan), 'rew_median': np.float32(nan), 'rew_mean': np.float32(nan), 'trace_sample': array([], shape=(6, 1000, 0, 3), dtype=float32)}
[optimize] iteration 3
info: {'qpos_dist_max': np.float32(nan), 'qpos_dist_min': np.float32(nan), 'qpos_dist_median': np.float32(nan), 'qpos_dist_mean': np.float32(nan), 'qvel_dist_max': np.float32(nan), 'qvel_dist_min': np.float32(nan), 'qvel_dist_median': np.float32(nan), 'qvel_dist_mean': np.float32(nan), 'qpos_rew_max': np.float32(nan), 'qpos_rew_min': np.float32(nan), 'qpos_rew_median': np.float32(nan), 'qpos_rew_mean': np.float32(nan), 'qvel_rew_max': np.float32(nan), 'qvel_rew_min': np.float32(nan), 'qvel_rew_median': np.float32(nan), 'qvel_rew_mean': np.float32(nan), 'improvement': np.float32(nan), 'rew_max': np.float32(nan), 'rew_min': np.float32(nan), 'rew_median': np.float32(nan), 'rew_mean': np.float32(nan), 'trace_sample': array([], shape=(6, 1000, 0, 3), dtype=float32)}
[optimize] iteration 4
info: {'qpos_dist_max': np.float32(nan), 'qpos_dist_min': np.float32(nan), 'qpos_dist_median': np.float32(nan), 'qpos_dist_mean': np.float32(nan), 'qvel_dist_max': np.float32(nan), 'qvel_dist_min': np.float32(nan), 'qvel_dist_median': np.float32(nan), 'qvel_dist_mean': np.float32(nan), 'qpos_rew_max': np.float32(nan), 'qpos_rew_min': np.float32(nan), 'qpos_rew_median': np.float32(nan), 'qpos_rew_mean': np.float32(nan), 'qvel_rew_max': np.float32(nan), 'qvel_rew_min': np.float32(nan), 'qvel_rew_median': np.float32(nan), 'qvel_rew_mean': np.float32(nan), 'improvement': np.float32(nan), 'rew_max': np.float32(nan), 'rew_min': np.float32(nan), 'rew_median': np.float32(nan), 'rew_mean': np.float32(nan), 'trace_sample': array([], shape=(6, 1000, 0, 3), dtype=float32)}
[optimize] iteration 5
info: {'qpos_dist_max': np.float32(nan), 'qpos_dist_min': np.float32(nan), 'qpos_dist_median': np.float32(nan), 'qpos_dist_mean': np.float32(nan), 'qvel_dist_max': np.float32(nan), 'qvel_dist_min': np.float32(nan), 'qvel_dist_median': np.float32(nan), 'qvel_dist_mean': np.float32(nan), 'qpos_rew_max': np.float32(nan), 'qpos_rew_min': np.float32(nan), 'qpos_rew_median': np.float32(nan), 'qpos_rew_mean': np.float32(nan), 'qvel_rew_max': np.float32(nan), 'qvel_rew_min': np.float32(nan), 'qvel_rew_median': np.float32(nan), 'qvel_rew_mean': np.float32(nan), 'improvement': np.float32(nan), 'rew_max': np.float32(nan), 'rew_min': np.float32(nan), 'rew_median': np.float32(nan), 'rew_mean': np.float32(nan), 'trace_sample': array([], shape=(6, 1000, 0, 3), dtype=float32)}
[optimize] iteration 6
info: {'qpos_dist_max': np.float32(nan), 'qpos_dist_min': np.float32(nan), 'qpos_dist_median': np.float32(nan), 'qpos_dist_mean': np.float32(nan), 'qvel_dist_max': np.float32(nan), 'qvel_dist_min': np.float32(nan), 'qvel_dist_median': np.float32(nan), 'qvel_dist_mean': np.float32(nan), 'qpos_rew_max': np.float32(nan), 'qpos_rew_min': np.float32(nan), 'qpos_rew_median': np.float32(nan), 'qpos_rew_mean': np.float32(nan), 'qvel_rew_max': np.float32(nan), 'qvel_rew_min': np.float32(nan), 'qvel_rew_median': np.float32(nan), 'qvel_rew_mean': np.float32(nan), 'improvement': np.float32(nan), 'rew_max': np.float32(nan), 'rew_min': np.float32(nan), 'rew_median': np.float32(nan), 'rew_mean': np.float32(nan), 'trace_sample': array([], shape=(6, 1000, 0, 3), dtype=float32)}
[optimize] iteration 7
info: {'qpos_dist_max': np.float32(nan), 'qpos_dist_min': np.float32(nan), 'qpos_dist_median': np.float32(nan), 'qpos_dist_mean': np.float32(nan), 'qvel_dist_max': np.float32(nan), 'qvel_dist_min': np.float32(nan), 'qvel_dist_median': np.float32(nan), 'qvel_dist_mean': np.float32(nan), 'qpos_rew_max': np.float32(nan), 'qpos_rew_min': np.float32(nan), 'qpos_rew_median': np.float32(nan), 'qpos_rew_mean': np.float32(nan), 'qvel_rew_max': np.float32(nan), 'qvel_rew_min': np.float32(nan), 'qvel_rew_median': np.float32(nan), 'qvel_rew_mean': np.float32(nan), 'improvement': np.float32(nan), 'rew_max': np.float32(nan), 'rew_min': np.float32(nan), 'rew_median': np.float32(nan), 'rew_mean': np.float32(nan), 'trace_sample': array([], shape=(6, 1000, 0, 3), dtype=float32)}
Finished optimizing
Realtime rate: 0.00, plan time: 93.0471s, sim_steps: 1400/2670, opt_steps: 8[optimize] iteration 0
info: {'qpos_dist_max': np.float32(nan), 'qpos_dist_min': np.float32(nan), 'qpos_dist_median': np.float32(nan), 'qpos_dist_mean': np.float32(nan), 'qvel_dist_max': np.float32(nan), 'qvel_dist_min': np.float32(nan), 'qvel_dist_median': np.float32(nan), 'qvel_dist_mean': np.float32(nan), 'qpos_rew_max': np.float32(nan), 'qpos_rew_min': np.float32(nan), 'qpos_rew_median': np.float32(nan), 'qpos_rew_mean': np.float32(nan), 'qvel_rew_max': np.float32(nan), 'qvel_rew_min': np.float32(nan), 'qvel_rew_median': np.float32(nan), 'qvel_rew_mean': np.float32(nan), 'improvement': np.float32(nan), 'rew_max': np.float32(nan), 'rew_min': np.float32(nan), 'rew_median': np.float32(nan), 'rew_mean': np.float32(nan), 'trace_sample': array([], shape=(6, 1000, 0, 3), dtype=float32)}
[optimize] iteration 1
info: {'qpos_dist_max': np.float32(nan), 'qpos_dist_min': np.float32(nan), 'qpos_dist_median': np.float32(nan), 'qpos_dist_mean': np.float32(nan), 'qvel_dist_max': np.float32(nan), 'qvel_dist_min': np.float32(nan), 'qvel_dist_median': np.float32(nan), 'qvel_dist_mean': np.float32(nan), 'qpos_rew_max': np.float32(nan), 'qpos_rew_min': np.float32(nan), 'qpos_rew_median': np.float32(nan), 'qpos_rew_mean': np.float32(nan), 'qvel_rew_max': np.float32(nan), 'qvel_rew_min': np.float32(nan), 'qvel_rew_median': np.float32(nan), 'qvel_rew_mean': np.float32(nan), 'improvement': np.float32(nan), 'rew_max': np.float32(nan), 'rew_min': np.float32(nan), 'rew_median': np.float32(nan), 'rew_mean': np.float32(nan), 'trace_sample': array([], shape=(6, 1000, 0, 3), dtype=float32)}
[optimize] iteration 2
info: {'qpos_dist_max': np.float32(nan), 'qpos_dist_min': np.float32(nan), 'qpos_dist_median': np.float32(nan), 'qpos_dist_mean': np.float32(nan), 'qvel_dist_max': np.float32(nan), 'qvel_dist_min': np.float32(nan), 'qvel_dist_median': np.float32(nan), 'qvel_dist_mean': np.float32(nan), 'qpos_rew_max': np.float32(nan), 'qpos_rew_min': np.float32(nan), 'qpos_rew_median': np.float32(nan), 'qpos_rew_mean': np.float32(nan), 'qvel_rew_max': np.float32(nan), 'qvel_rew_min': np.float32(nan), 'qvel_rew_median': np.float32(nan), 'qvel_rew_mean': np.float32(nan), 'improvement': np.float32(nan), 'rew_max': np.float32(nan), 'rew_min': np.float32(nan), 'rew_median': np.float32(nan), 'rew_mean': np.float32(nan), 'trace_sample': array([], shape=(6, 1000, 0, 3), dtype=float32)}
[optimize] iteration 3
info: {'qpos_dist_max': np.float32(nan), 'qpos_dist_min': np.float32(nan), 'qpos_dist_median': np.float32(nan), 'qpos_dist_mean': np.float32(nan), 'qvel_dist_max': np.float32(nan), 'qvel_dist_min': np.float32(nan), 'qvel_dist_median': np.float32(nan), 'qvel_dist_mean': np.float32(nan), 'qpos_rew_max': np.float32(nan), 'qpos_rew_min': np.float32(nan), 'qpos_rew_median': np.float32(nan), 'qpos_rew_mean': np.float32(nan), 'qvel_rew_max': np.float32(nan), 'qvel_rew_min': np.float32(nan), 'qvel_rew_median': np.float32(nan), 'qvel_rew_mean': np.float32(nan), 'improvement': np.float32(nan), 'rew_max': np.float32(nan), 'rew_min': np.float32(nan), 'rew_median': np.float32(nan), 'rew_mean': np.float32(nan), 'trace_sample': array([], shape=(6, 1000, 0, 3), dtype=float32)}
[optimize] iteration 4
info: {'qpos_dist_max': np.float32(nan), 'qpos_dist_min': np.float32(nan), 'qpos_dist_median': np.float32(nan), 'qpos_dist_mean': np.float32(nan), 'qvel_dist_max': np.float32(nan), 'qvel_dist_min': np.float32(nan), 'qvel_dist_median': np.float32(nan), 'qvel_dist_mean': np.float32(nan), 'qpos_rew_max': np.float32(nan), 'qpos_rew_min': np.float32(nan), 'qpos_rew_median': np.float32(nan), 'qpos_rew_mean': np.float32(nan), 'qvel_rew_max': np.float32(nan), 'qvel_rew_min': np.float32(nan), 'qvel_rew_median': np.float32(nan), 'qvel_rew_mean': np.float32(nan), 'improvement': np.float32(nan), 'rew_max': np.float32(nan), 'rew_min': np.float32(nan), 'rew_median': np.float32(nan), 'rew_mean': np.float32(nan), 'trace_sample': array([], shape=(6, 1000, 0, 3), dtype=float32)}
[optimize] iteration 5
info: {'qpos_dist_max': np.float32(nan), 'qpos_dist_min': np.float32(nan), 'qpos_dist_median': np.float32(nan), 'qpos_dist_mean': np.float32(nan), 'qvel_dist_max': np.float32(nan), 'qvel_dist_min': np.float32(nan), 'qvel_dist_median': np.float32(nan), 'qvel_dist_mean': np.float32(nan), 'qpos_rew_max': np.float32(nan), 'qpos_rew_min': np.float32(nan), 'qpos_rew_median': np.float32(nan), 'qpos_rew_mean': np.float32(nan), 'qvel_rew_max': np.float32(nan), 'qvel_rew_min': np.float32(nan), 'qvel_rew_median': np.float32(nan), 'qvel_rew_mean': np.float32(nan), 'improvement': np.float32(nan), 'rew_max': np.float32(nan), 'rew_min': np.float32(nan), 'rew_median': np.float32(nan), 'rew_mean': np.float32(nan), 'trace_sample': array([], shape=(6, 1000, 0, 3), dtype=float32)}
[optimize] iteration 6
info: {'qpos_dist_max': np.float32(nan), 'qpos_dist_min': np.float32(nan), 'qpos_dist_median': np.float32(nan), 'qpos_dist_mean': np.float32(nan), 'qvel_dist_max': np.float32(nan), 'qvel_dist_min': np.float32(nan), 'qvel_dist_median': np.float32(nan), 'qvel_dist_mean': np.float32(nan), 'qpos_rew_max': np.float32(nan), 'qpos_rew_min': np.float32(nan), 'qpos_rew_median': np.float32(nan), 'qpos_rew_mean': np.float32(nan), 'qvel_rew_max': np.float32(nan), 'qvel_rew_min': np.float32(nan), 'qvel_rew_median': np.float32(nan), 'qvel_rew_mean': np.float32(nan), 'improvement': np.float32(nan), 'rew_max': np.float32(nan), 'rew_min': np.float32(nan), 'rew_median': np.float32(nan), 'rew_mean': np.float32(nan), 'trace_sample': array([], shape=(6, 1000, 0, 3), dtype=float32)}
[optimize] iteration 7
info: {'qpos_dist_max': np.float32(nan), 'qpos_dist_min': np.float32(nan), 'qpos_dist_median': np.float32(nan), 'qpos_dist_mean': np.float32(nan), 'qvel_dist_max': np.float32(nan), 'qvel_dist_min': np.float32(nan), 'qvel_dist_median': np.float32(nan), 'qvel_dist_mean': np.float32(nan), 'qpos_rew_max': np.float32(nan), 'qpos_rew_min': np.float32(nan), 'qpos_rew_median': np.float32(nan), 'qpos_rew_mean': np.float32(nan), 'qvel_rew_max': np.float32(nan), 'qvel_rew_min': np.float32(nan), 'qvel_rew_median': np.float32(nan), 'qvel_rew_mean': np.float32(nan), 'improvement': np.float32(nan), 'rew_max': np.float32(nan), 'rew_min': np.float32(nan), 'rew_median': np.float32(nan), 'rew_mean': np.float32(nan), 'trace_sample': array([], shape=(6, 1000, 0, 3), dtype=float32)}
Finished optimizing
Realtime rate: 0.00, plan time: 96.8197s, sim_steps: 1600/2670, opt_steps: 8[optimize] iteration 0
info: {'qpos_dist_max': np.float32(nan), 'qpos_dist_min': np.float32(nan), 'qpos_dist_median': np.float32(nan), 'qpos_dist_mean': np.float32(nan), 'qvel_dist_max': np.float32(nan), 'qvel_dist_min': np.float32(nan), 'qvel_dist_median': np.float32(nan), 'qvel_dist_mean': np.float32(nan), 'qpos_rew_max': np.float32(nan), 'qpos_rew_min': np.float32(nan), 'qpos_rew_median': np.float32(nan), 'qpos_rew_mean': np.float32(nan), 'qvel_rew_max': np.float32(nan), 'qvel_rew_min': np.float32(nan), 'qvel_rew_median': np.float32(nan), 'qvel_rew_mean': np.float32(nan), 'improvement': np.float32(nan), 'rew_max': np.float32(nan), 'rew_min': np.float32(nan), 'rew_median': np.float32(nan), 'rew_mean': np.float32(nan), 'trace_sample': array([], shape=(6, 1000, 0, 3), dtype=float32)}
[optimize] iteration 1
info: {'qpos_dist_max': np.float32(nan), 'qpos_dist_min': np.float32(nan), 'qpos_dist_median': np.float32(nan), 'qpos_dist_mean': np.float32(nan), 'qvel_dist_max': np.float32(nan), 'qvel_dist_min': np.float32(nan), 'qvel_dist_median': np.float32(nan), 'qvel_dist_mean': np.float32(nan), 'qpos_rew_max': np.float32(nan), 'qpos_rew_min': np.float32(nan), 'qpos_rew_median': np.float32(nan), 'qpos_rew_mean': np.float32(nan), 'qvel_rew_max': np.float32(nan), 'qvel_rew_min': np.float32(nan), 'qvel_rew_median': np.float32(nan), 'qvel_rew_mean': np.float32(nan), 'improvement': np.float32(nan), 'rew_max': np.float32(nan), 'rew_min': np.float32(nan), 'rew_median': np.float32(nan), 'rew_mean': np.float32(nan), 'trace_sample': array([], shape=(6, 1000, 0, 3), dtype=float32)}
[optimize] iteration 2
info: {'qpos_dist_max': np.float32(nan), 'qpos_dist_min': np.float32(nan), 'qpos_dist_median': np.float32(nan), 'qpos_dist_mean': np.float32(nan), 'qvel_dist_max': np.float32(nan), 'qvel_dist_min': np.float32(nan), 'qvel_dist_median': np.float32(nan), 'qvel_dist_mean': np.float32(nan), 'qpos_rew_max': np.float32(nan), 'qpos_rew_min': np.float32(nan), 'qpos_rew_median': np.float32(nan), 'qpos_rew_mean': np.float32(nan), 'qvel_rew_max': np.float32(nan), 'qvel_rew_min': np.float32(nan), 'qvel_rew_median': np.float32(nan), 'qvel_rew_mean': np.float32(nan), 'improvement': np.float32(nan), 'rew_max': np.float32(nan), 'rew_min': np.float32(nan), 'rew_median': np.float32(nan), 'rew_mean': np.float32(nan), 'trace_sample': array([], shape=(6, 1000, 0, 3), dtype=float32)}
[optimize] iteration 3
info: {'qpos_dist_max': np.float32(nan), 'qpos_dist_min': np.float32(nan), 'qpos_dist_median': np.float32(nan), 'qpos_dist_mean': np.float32(nan), 'qvel_dist_max': np.float32(nan), 'qvel_dist_min': np.float32(nan), 'qvel_dist_median': np.float32(nan), 'qvel_dist_mean': np.float32(nan), 'qpos_rew_max': np.float32(nan), 'qpos_rew_min': np.float32(nan), 'qpos_rew_median': np.float32(nan), 'qpos_rew_mean': np.float32(nan), 'qvel_rew_max': np.float32(nan), 'qvel_rew_min': np.float32(nan), 'qvel_rew_median': np.float32(nan), 'qvel_rew_mean': np.float32(nan), 'improvement': np.float32(nan), 'rew_max': np.float32(nan), 'rew_min': np.float32(nan), 'rew_median': np.float32(nan), 'rew_mean': np.float32(nan), 'trace_sample': array([], shape=(6, 1000, 0, 3), dtype=float32)}
[optimize] iteration 4
info: {'qpos_dist_max': np.float32(nan), 'qpos_dist_min': np.float32(nan), 'qpos_dist_median': np.float32(nan), 'qpos_dist_mean': np.float32(nan), 'qvel_dist_max': np.float32(nan), 'qvel_dist_min': np.float32(nan), 'qvel_dist_median': np.float32(nan), 'qvel_dist_mean': np.float32(nan), 'qpos_rew_max': np.float32(nan), 'qpos_rew_min': np.float32(nan), 'qpos_rew_median': np.float32(nan), 'qpos_rew_mean': np.float32(nan), 'qvel_rew_max': np.float32(nan), 'qvel_rew_min': np.float32(nan), 'qvel_rew_median': np.float32(nan), 'qvel_rew_mean': np.float32(nan), 'improvement': np.float32(nan), 'rew_max': np.float32(nan), 'rew_min': np.float32(nan), 'rew_median': np.float32(nan), 'rew_mean': np.float32(nan), 'trace_sample': array([], shape=(6, 1000, 0, 3), dtype=float32)}
[optimize] iteration 5
info: {'qpos_dist_max': np.float32(nan), 'qpos_dist_min': np.float32(nan), 'qpos_dist_median': np.float32(nan), 'qpos_dist_mean': np.float32(nan), 'qvel_dist_max': np.float32(nan), 'qvel_dist_min': np.float32(nan), 'qvel_dist_median': np.float32(nan), 'qvel_dist_mean': np.float32(nan), 'qpos_rew_max': np.float32(nan), 'qpos_rew_min': np.float32(nan), 'qpos_rew_median': np.float32(nan), 'qpos_rew_mean': np.float32(nan), 'qvel_rew_max': np.float32(nan), 'qvel_rew_min': np.float32(nan), 'qvel_rew_median': np.float32(nan), 'qvel_rew_mean': np.float32(nan), 'improvement': np.float32(nan), 'rew_max': np.float32(nan), 'rew_min': np.float32(nan), 'rew_median': np.float32(nan), 'rew_mean': np.float32(nan), 'trace_sample': array([], shape=(6, 1000, 0, 3), dtype=float32)}
[optimize] iteration 6
info: {'qpos_dist_max': np.float32(nan), 'qpos_dist_min': np.float32(nan), 'qpos_dist_median': np.float32(nan), 'qpos_dist_mean': np.float32(nan), 'qvel_dist_max': np.float32(nan), 'qvel_dist_min': np.float32(nan), 'qvel_dist_median': np.float32(nan), 'qvel_dist_mean': np.float32(nan), 'qpos_rew_max': np.float32(nan), 'qpos_rew_min': np.float32(nan), 'qpos_rew_median': np.float32(nan), 'qpos_rew_mean': np.float32(nan), 'qvel_rew_max': np.float32(nan), 'qvel_rew_min': np.float32(nan), 'qvel_rew_median': np.float32(nan), 'qvel_rew_mean': np.float32(nan), 'improvement': np.float32(nan), 'rew_max': np.float32(nan), 'rew_min': np.float32(nan), 'rew_median': np.float32(nan), 'rew_mean': np.float32(nan), 'trace_sample': array([], shape=(6, 1000, 0, 3), dtype=float32)}
[optimize] iteration 7
info: {'qpos_dist_max': np.float32(4.6984735), 'qpos_dist_min': np.float32(1.2970836), 'qpos_dist_median': np.float32(1.3042958), 'qpos_dist_mean': np.float32(1.3058727), 'qvel_dist_max': np.float32(104.23369), 'qvel_dist_min': np.float32(4.608355), 'qvel_dist_median': np.float32(4.7567134), 'qvel_dist_mean': np.float32(4.821514), 'qpos_rew_max': np.float32(-1.2970836), 'qpos_rew_min': np.float32(-4.6984735), 'qpos_rew_median': np.float32(-1.3042958), 'qpos_rew_mean': np.float32(-1.3058727), 'qvel_rew_max': np.float32(0.0), 'qvel_rew_min': np.float32(0.0), 'qvel_rew_median': np.float32(0.0), 'qvel_rew_mean': np.float32(0.0), 'improvement': np.float32(0.0076059103), 'rew_max': np.float32(-1.2970831), 'rew_min': np.float32(-4.6984735), 'rew_median': np.float32(-1.3042953), 'rew_mean': np.float32(-1.3058727), 'trace_sample': array([], shape=(6, 1000, 0, 3), dtype=float32)}
Finished optimizing
Realtime rate: 0.00, plan time: 85.7146s, sim_steps: 1800/2670, opt_steps: 8[optimize] iteration 0
info: {'qpos_dist_max': np.float32(nan), 'qpos_dist_min': np.float32(nan), 'qpos_dist_median': np.float32(nan), 'qpos_dist_mean': np.float32(nan), 'qvel_dist_max': np.float32(nan), 'qvel_dist_min': np.float32(nan), 'qvel_dist_median': np.float32(nan), 'qvel_dist_mean': np.float32(nan), 'qpos_rew_max': np.float32(nan), 'qpos_rew_min': np.float32(nan), 'qpos_rew_median': np.float32(nan), 'qpos_rew_mean': np.float32(nan), 'qvel_rew_max': np.float32(nan), 'qvel_rew_min': np.float32(nan), 'qvel_rew_median': np.float32(nan), 'qvel_rew_mean': np.float32(nan), 'improvement': np.float32(nan), 'rew_max': np.float32(nan), 'rew_min': np.float32(nan), 'rew_median': np.float32(nan), 'rew_mean': np.float32(nan), 'trace_sample': array([], shape=(6, 1000, 0, 3), dtype=float32)}
[optimize] iteration 1
info: {'qpos_dist_max': np.float32(nan), 'qpos_dist_min': np.float32(nan), 'qpos_dist_median': np.float32(nan), 'qpos_dist_mean': np.float32(nan), 'qvel_dist_max': np.float32(nan), 'qvel_dist_min': np.float32(nan), 'qvel_dist_median': np.float32(nan), 'qvel_dist_mean': np.float32(nan), 'qpos_rew_max': np.float32(nan), 'qpos_rew_min': np.float32(nan), 'qpos_rew_median': np.float32(nan), 'qpos_rew_mean': np.float32(nan), 'qvel_rew_max': np.float32(nan), 'qvel_rew_min': np.float32(nan), 'qvel_rew_median': np.float32(nan), 'qvel_rew_mean': np.float32(nan), 'improvement': np.float32(nan), 'rew_max': np.float32(nan), 'rew_min': np.float32(nan), 'rew_median': np.float32(nan), 'rew_mean': np.float32(nan), 'trace_sample': array([], shape=(6, 1000, 0, 3), dtype=float32)}
[optimize] iteration 2
info: {'qpos_dist_max': np.float32(nan), 'qpos_dist_min': np.float32(nan), 'qpos_dist_median': np.float32(nan), 'qpos_dist_mean': np.float32(nan), 'qvel_dist_max': np.float32(nan), 'qvel_dist_min': np.float32(nan), 'qvel_dist_median': np.float32(nan), 'qvel_dist_mean': np.float32(nan), 'qpos_rew_max': np.float32(nan), 'qpos_rew_min': np.float32(nan), 'qpos_rew_median': np.float32(nan), 'qpos_rew_mean': np.float32(nan), 'qvel_rew_max': np.float32(nan), 'qvel_rew_min': np.float32(nan), 'qvel_rew_median': np.float32(nan), 'qvel_rew_mean': np.float32(nan), 'improvement': np.float32(nan), 'rew_max': np.float32(nan), 'rew_min': np.float32(nan), 'rew_median': np.float32(nan), 'rew_mean': np.float32(nan), 'trace_sample': array([], shape=(6, 1000, 0, 3), dtype=float32)}
[optimize] iteration 3
info: {'qpos_dist_max': np.float32(nan), 'qpos_dist_min': np.float32(nan), 'qpos_dist_median': np.float32(nan), 'qpos_dist_mean': np.float32(nan), 'qvel_dist_max': np.float32(nan), 'qvel_dist_min': np.float32(nan), 'qvel_dist_median': np.float32(nan), 'qvel_dist_mean': np.float32(nan), 'qpos_rew_max': np.float32(nan), 'qpos_rew_min': np.float32(nan), 'qpos_rew_median': np.float32(nan), 'qpos_rew_mean': np.float32(nan), 'qvel_rew_max': np.float32(nan), 'qvel_rew_min': np.float32(nan), 'qvel_rew_median': np.float32(nan), 'qvel_rew_mean': np.float32(nan), 'improvement': np.float32(nan), 'rew_max': np.float32(nan), 'rew_min': np.float32(nan), 'rew_median': np.float32(nan), 'rew_mean': np.float32(nan), 'trace_sample': array([], shape=(6, 1000, 0, 3), dtype=float32)}
[optimize] iteration 4
info: {'qpos_dist_max': np.float32(nan), 'qpos_dist_min': np.float32(nan), 'qpos_dist_median': np.float32(nan), 'qpos_dist_mean': np.float32(nan), 'qvel_dist_max': np.float32(nan), 'qvel_dist_min': np.float32(nan), 'qvel_dist_median': np.float32(nan), 'qvel_dist_mean': np.float32(nan), 'qpos_rew_max': np.float32(nan), 'qpos_rew_min': np.float32(nan), 'qpos_rew_median': np.float32(nan), 'qpos_rew_mean': np.float32(nan), 'qvel_rew_max': np.float32(nan), 'qvel_rew_min': np.float32(nan), 'qvel_rew_median': np.float32(nan), 'qvel_rew_mean': np.float32(nan), 'improvement': np.float32(nan), 'rew_max': np.float32(nan), 'rew_min': np.float32(nan), 'rew_median': np.float32(nan), 'rew_mean': np.float32(nan), 'trace_sample': array([], shape=(6, 1000, 0, 3), dtype=float32)}
[optimize] iteration 5
info: {'qpos_dist_max': np.float32(nan), 'qpos_dist_min': np.float32(nan), 'qpos_dist_median': np.float32(nan), 'qpos_dist_mean': np.float32(nan), 'qvel_dist_max': np.float32(nan), 'qvel_dist_min': np.float32(nan), 'qvel_dist_median': np.float32(nan), 'qvel_dist_mean': np.float32(nan), 'qpos_rew_max': np.float32(nan), 'qpos_rew_min': np.float32(nan), 'qpos_rew_median': np.float32(nan), 'qpos_rew_mean': np.float32(nan), 'qvel_rew_max': np.float32(nan), 'qvel_rew_min': np.float32(nan), 'qvel_rew_median': np.float32(nan), 'qvel_rew_mean': np.float32(nan), 'improvement': np.float32(nan), 'rew_max': np.float32(nan), 'rew_min': np.float32(nan), 'rew_median': np.float32(nan), 'rew_mean': np.float32(nan), 'trace_sample': array([], shape=(6, 1000, 0, 3), dtype=float32)}
[optimize] iteration 6
info: {'qpos_dist_max': np.float32(nan), 'qpos_dist_min': np.float32(nan), 'qpos_dist_median': np.float32(nan), 'qpos_dist_mean': np.float32(nan), 'qvel_dist_max': np.float32(nan), 'qvel_dist_min': np.float32(nan), 'qvel_dist_median': np.float32(nan), 'qvel_dist_mean': np.float32(nan), 'qpos_rew_max': np.float32(nan), 'qpos_rew_min': np.float32(nan), 'qpos_rew_median': np.float32(nan), 'qpos_rew_mean': np.float32(nan), 'qvel_rew_max': np.float32(nan), 'qvel_rew_min': np.float32(nan), 'qvel_rew_median': np.float32(nan), 'qvel_rew_mean': np.float32(nan), 'improvement': np.float32(nan), 'rew_max': np.float32(nan), 'rew_min': np.float32(nan), 'rew_median': np.float32(nan), 'rew_mean': np.float32(nan), 'trace_sample': array([], shape=(6, 1000, 0, 3), dtype=float32)}
[optimize] iteration 7
info: {'qpos_dist_max': np.float32(nan), 'qpos_dist_min': np.float32(nan), 'qpos_dist_median': np.float32(nan), 'qpos_dist_mean': np.float32(nan), 'qvel_dist_max': np.float32(nan), 'qvel_dist_min': np.float32(nan), 'qvel_dist_median': np.float32(nan), 'qvel_dist_mean': np.float32(nan), 'qpos_rew_max': np.float32(nan), 'qpos_rew_min': np.float32(nan), 'qpos_rew_median': np.float32(nan), 'qpos_rew_mean': np.float32(nan), 'qvel_rew_max': np.float32(nan), 'qvel_rew_min': np.float32(nan), 'qvel_rew_median': np.float32(nan), 'qvel_rew_mean': np.float32(nan), 'improvement': np.float32(nan), 'rew_max': np.float32(nan), 'rew_min': np.float32(nan), 'rew_median': np.float32(nan), 'rew_mean': np.float32(nan), 'trace_sample': array([], shape=(6, 1000, 0, 3), dtype=float32)}
Finished optimizing
Realtime rate: 0.00, plan time: 83.4306s, sim_steps: 2000/2670, opt_steps: 8[optimize] iteration 0
info: {'qpos_dist_max': np.float32(nan), 'qpos_dist_min': np.float32(nan), 'qpos_dist_median': np.float32(nan), 'qpos_dist_mean': np.float32(nan), 'qvel_dist_max': np.float32(nan), 'qvel_dist_min': np.float32(nan), 'qvel_dist_median': np.float32(nan), 'qvel_dist_mean': np.float32(nan), 'qpos_rew_max': np.float32(nan), 'qpos_rew_min': np.float32(nan), 'qpos_rew_median': np.float32(nan), 'qpos_rew_mean': np.float32(nan), 'qvel_rew_max': np.float32(nan), 'qvel_rew_min': np.float32(nan), 'qvel_rew_median': np.float32(nan), 'qvel_rew_mean': np.float32(nan), 'improvement': np.float32(nan), 'rew_max': np.float32(nan), 'rew_min': np.float32(nan), 'rew_median': np.float32(nan), 'rew_mean': np.float32(nan), 'trace_sample': array([], shape=(6, 1000, 0, 3), dtype=float32)}
[optimize] iteration 1
info: {'qpos_dist_max': np.float32(nan), 'qpos_dist_min': np.float32(nan), 'qpos_dist_median': np.float32(nan), 'qpos_dist_mean': np.float32(nan), 'qvel_dist_max': np.float32(nan), 'qvel_dist_min': np.float32(nan), 'qvel_dist_median': np.float32(nan), 'qvel_dist_mean': np.float32(nan), 'qpos_rew_max': np.float32(nan), 'qpos_rew_min': np.float32(nan), 'qpos_rew_median': np.float32(nan), 'qpos_rew_mean': np.float32(nan), 'qvel_rew_max': np.float32(nan), 'qvel_rew_min': np.float32(nan), 'qvel_rew_median': np.float32(nan), 'qvel_rew_mean': np.float32(nan), 'improvement': np.float32(nan), 'rew_max': np.float32(nan), 'rew_min': np.float32(nan), 'rew_median': np.float32(nan), 'rew_mean': np.float32(nan), 'trace_sample': array([], shape=(6, 1000, 0, 3), dtype=float32)}
[optimize] iteration 2
info: {'qpos_dist_max': np.float32(nan), 'qpos_dist_min': np.float32(nan), 'qpos_dist_median': np.float32(nan), 'qpos_dist_mean': np.float32(nan), 'qvel_dist_max': np.float32(nan), 'qvel_dist_min': np.float32(nan), 'qvel_dist_median': np.float32(nan), 'qvel_dist_mean': np.float32(nan), 'qpos_rew_max': np.float32(nan), 'qpos_rew_min': np.float32(nan), 'qpos_rew_median': np.float32(nan), 'qpos_rew_mean': np.float32(nan), 'qvel_rew_max': np.float32(nan), 'qvel_rew_min': np.float32(nan), 'qvel_rew_median': np.float32(nan), 'qvel_rew_mean': np.float32(nan), 'improvement': np.float32(nan), 'rew_max': np.float32(nan), 'rew_min': np.float32(nan), 'rew_median': np.float32(nan), 'rew_mean': np.float32(nan), 'trace_sample': array([], shape=(6, 1000, 0, 3), dtype=float32)}
[optimize] iteration 3
info: {'qpos_dist_max': np.float32(nan), 'qpos_dist_min': np.float32(nan), 'qpos_dist_median': np.float32(nan), 'qpos_dist_mean': np.float32(nan), 'qvel_dist_max': np.float32(nan), 'qvel_dist_min': np.float32(nan), 'qvel_dist_median': np.float32(nan), 'qvel_dist_mean': np.float32(nan), 'qpos_rew_max': np.float32(nan), 'qpos_rew_min': np.float32(nan), 'qpos_rew_median': np.float32(nan), 'qpos_rew_mean': np.float32(nan), 'qvel_rew_max': np.float32(nan), 'qvel_rew_min': np.float32(nan), 'qvel_rew_median': np.float32(nan), 'qvel_rew_mean': np.float32(nan), 'improvement': np.float32(nan), 'rew_max': np.float32(nan), 'rew_min': np.float32(nan), 'rew_median': np.float32(nan), 'rew_mean': np.float32(nan), 'trace_sample': array([], shape=(6, 1000, 0, 3), dtype=float32)}
[optimize] iteration 4
info: {'qpos_dist_max': np.float32(nan), 'qpos_dist_min': np.float32(nan), 'qpos_dist_median': np.float32(nan), 'qpos_dist_mean': np.float32(nan), 'qvel_dist_max': np.float32(nan), 'qvel_dist_min': np.float32(nan), 'qvel_dist_median': np.float32(nan), 'qvel_dist_mean': np.float32(nan), 'qpos_rew_max': np.float32(nan), 'qpos_rew_min': np.float32(nan), 'qpos_rew_median': np.float32(nan), 'qpos_rew_mean': np.float32(nan), 'qvel_rew_max': np.float32(nan), 'qvel_rew_min': np.float32(nan), 'qvel_rew_median': np.float32(nan), 'qvel_rew_mean': np.float32(nan), 'improvement': np.float32(nan), 'rew_max': np.float32(nan), 'rew_min': np.float32(nan), 'rew_median': np.float32(nan), 'rew_mean': np.float32(nan), 'trace_sample': array([], shape=(6, 1000, 0, 3), dtype=float32)}
[optimize] iteration 5
info: {'qpos_dist_max': np.float32(nan), 'qpos_dist_min': np.float32(nan), 'qpos_dist_median': np.float32(nan), 'qpos_dist_mean': np.float32(nan), 'qvel_dist_max': np.float32(nan), 'qvel_dist_min': np.float32(nan), 'qvel_dist_median': np.float32(nan), 'qvel_dist_mean': np.float32(nan), 'qpos_rew_max': np.float32(nan), 'qpos_rew_min': np.float32(nan), 'qpos_rew_median': np.float32(nan), 'qpos_rew_mean': np.float32(nan), 'qvel_rew_max': np.float32(nan), 'qvel_rew_min': np.float32(nan), 'qvel_rew_median': np.float32(nan), 'qvel_rew_mean': np.float32(nan), 'improvement': np.float32(nan), 'rew_max': np.float32(nan), 'rew_min': np.float32(nan), 'rew_median': np.float32(nan), 'rew_mean': np.float32(nan), 'trace_sample': array([], shape=(6, 1000, 0, 3), dtype=float32)}
[optimize] iteration 6
info: {'qpos_dist_max': np.float32(nan), 'qpos_dist_min': np.float32(nan), 'qpos_dist_median': np.float32(nan), 'qpos_dist_mean': np.float32(nan), 'qvel_dist_max': np.float32(nan), 'qvel_dist_min': np.float32(nan), 'qvel_dist_median': np.float32(nan), 'qvel_dist_mean': np.float32(nan), 'qpos_rew_max': np.float32(nan), 'qpos_rew_min': np.float32(nan), 'qpos_rew_median': np.float32(nan), 'qpos_rew_mean': np.float32(nan), 'qvel_rew_max': np.float32(nan), 'qvel_rew_min': np.float32(nan), 'qvel_rew_median': np.float32(nan), 'qvel_rew_mean': np.float32(nan), 'improvement': np.float32(nan), 'rew_max': np.float32(nan), 'rew_min': np.float32(nan), 'rew_median': np.float32(nan), 'rew_mean': np.float32(nan), 'trace_sample': array([], shape=(6, 1000, 0, 3), dtype=float32)}
[optimize] iteration 7
info: {'qpos_dist_max': np.float32(nan), 'qpos_dist_min': np.float32(nan), 'qpos_dist_median': np.float32(nan), 'qpos_dist_mean': np.float32(nan), 'qvel_dist_max': np.float32(nan), 'qvel_dist_min': np.float32(nan), 'qvel_dist_median': np.float32(nan), 'qvel_dist_mean': np.float32(nan), 'qpos_rew_max': np.float32(nan), 'qpos_rew_min': np.float32(nan), 'qpos_rew_median': np.float32(nan), 'qpos_rew_mean': np.float32(nan), 'qvel_rew_max': np.float32(nan), 'qvel_rew_min': np.float32(nan), 'qvel_rew_median': np.float32(nan), 'qvel_rew_mean': np.float32(nan), 'improvement': np.float32(nan), 'rew_max': np.float32(nan), 'rew_min': np.float32(nan), 'rew_median': np.float32(nan), 'rew_mean': np.float32(nan), 'trace_sample': array([], shape=(6, 1000, 0, 3), dtype=float32)}
Finished optimizing
Realtime rate: 0.01, plan time: 79.9736s, sim_steps: 2200/2670, opt_steps: 8[optimize] iteration 0
info: {'qpos_dist_max': np.float32(nan), 'qpos_dist_min': np.float32(nan), 'qpos_dist_median': np.float32(nan), 'qpos_dist_mean': np.float32(nan), 'qvel_dist_max': np.float32(nan), 'qvel_dist_min': np.float32(nan), 'qvel_dist_median': np.float32(nan), 'qvel_dist_mean': np.float32(nan), 'qpos_rew_max': np.float32(nan), 'qpos_rew_min': np.float32(nan), 'qpos_rew_median': np.float32(nan), 'qpos_rew_mean': np.float32(nan), 'qvel_rew_max': np.float32(nan), 'qvel_rew_min': np.float32(nan), 'qvel_rew_median': np.float32(nan), 'qvel_rew_mean': np.float32(nan), 'improvement': np.float32(nan), 'rew_max': np.float32(nan), 'rew_min': np.float32(nan), 'rew_median': np.float32(nan), 'rew_mean': np.float32(nan), 'trace_sample': array([], shape=(6, 1000, 0, 3), dtype=float32)}
[optimize] iteration 1
info: {'qpos_dist_max': np.float32(nan), 'qpos_dist_min': np.float32(nan), 'qpos_dist_median': np.float32(nan), 'qpos_dist_mean': np.float32(nan), 'qvel_dist_max': np.float32(nan), 'qvel_dist_min': np.float32(nan), 'qvel_dist_median': np.float32(nan), 'qvel_dist_mean': np.float32(nan), 'qpos_rew_max': np.float32(nan), 'qpos_rew_min': np.float32(nan), 'qpos_rew_median': np.float32(nan), 'qpos_rew_mean': np.float32(nan), 'qvel_rew_max': np.float32(nan), 'qvel_rew_min': np.float32(nan), 'qvel_rew_median': np.float32(nan), 'qvel_rew_mean': np.float32(nan), 'improvement': np.float32(nan), 'rew_max': np.float32(nan), 'rew_min': np.float32(nan), 'rew_median': np.float32(nan), 'rew_mean': np.float32(nan), 'trace_sample': array([], shape=(6, 1000, 0, 3), dtype=float32)}
[optimize] iteration 2
info: {'qpos_dist_max': np.float32(nan), 'qpos_dist_min': np.float32(nan), 'qpos_dist_median': np.float32(nan), 'qpos_dist_mean': np.float32(nan), 'qvel_dist_max': np.float32(nan), 'qvel_dist_min': np.float32(nan), 'qvel_dist_median': np.float32(nan), 'qvel_dist_mean': np.float32(nan), 'qpos_rew_max': np.float32(nan), 'qpos_rew_min': np.float32(nan), 'qpos_rew_median': np.float32(nan), 'qpos_rew_mean': np.float32(nan), 'qvel_rew_max': np.float32(nan), 'qvel_rew_min': np.float32(nan), 'qvel_rew_median': np.float32(nan), 'qvel_rew_mean': np.float32(nan), 'improvement': np.float32(nan), 'rew_max': np.float32(nan), 'rew_min': np.float32(nan), 'rew_median': np.float32(nan), 'rew_mean': np.float32(nan), 'trace_sample': array([], shape=(6, 1000, 0, 3), dtype=float32)}
[optimize] iteration 3
info: {'qpos_dist_max': np.float32(nan), 'qpos_dist_min': np.float32(nan), 'qpos_dist_median': np.float32(nan), 'qpos_dist_mean': np.float32(nan), 'qvel_dist_max': np.float32(nan), 'qvel_dist_min': np.float32(nan), 'qvel_dist_median': np.float32(nan), 'qvel_dist_mean': np.float32(nan), 'qpos_rew_max': np.float32(nan), 'qpos_rew_min': np.float32(nan), 'qpos_rew_median': np.float32(nan), 'qpos_rew_mean': np.float32(nan), 'qvel_rew_max': np.float32(nan), 'qvel_rew_min': np.float32(nan), 'qvel_rew_median': np.float32(nan), 'qvel_rew_mean': np.float32(nan), 'improvement': np.float32(nan), 'rew_max': np.float32(nan), 'rew_min': np.float32(nan), 'rew_median': np.float32(nan), 'rew_mean': np.float32(nan), 'trace_sample': array([], shape=(6, 1000, 0, 3), dtype=float32)}
[optimize] iteration 4
info: {'qpos_dist_max': np.float32(nan), 'qpos_dist_min': np.float32(nan), 'qpos_dist_median': np.float32(nan), 'qpos_dist_mean': np.float32(nan), 'qvel_dist_max': np.float32(nan), 'qvel_dist_min': np.float32(nan), 'qvel_dist_median': np.float32(nan), 'qvel_dist_mean': np.float32(nan), 'qpos_rew_max': np.float32(nan), 'qpos_rew_min': np.float32(nan), 'qpos_rew_median': np.float32(nan), 'qpos_rew_mean': np.float32(nan), 'qvel_rew_max': np.float32(nan), 'qvel_rew_min': np.float32(nan), 'qvel_rew_median': np.float32(nan), 'qvel_rew_mean': np.float32(nan), 'improvement': np.float32(nan), 'rew_max': np.float32(nan), 'rew_min': np.float32(nan), 'rew_median': np.float32(nan), 'rew_mean': np.float32(nan), 'trace_sample': array([], shape=(6, 1000, 0, 3), dtype=float32)}
[optimize] iteration 5
info: {'qpos_dist_max': np.float32(nan), 'qpos_dist_min': np.float32(nan), 'qpos_dist_median': np.float32(nan), 'qpos_dist_mean': np.float32(nan), 'qvel_dist_max': np.float32(nan), 'qvel_dist_min': np.float32(nan), 'qvel_dist_median': np.float32(nan), 'qvel_dist_mean': np.float32(nan), 'qpos_rew_max': np.float32(nan), 'qpos_rew_min': np.float32(nan), 'qpos_rew_median': np.float32(nan), 'qpos_rew_mean': np.float32(nan), 'qvel_rew_max': np.float32(nan), 'qvel_rew_min': np.float32(nan), 'qvel_rew_median': np.float32(nan), 'qvel_rew_mean': np.float32(nan), 'improvement': np.float32(nan), 'rew_max': np.float32(nan), 'rew_min': np.float32(nan), 'rew_median': np.float32(nan), 'rew_mean': np.float32(nan), 'trace_sample': array([], shape=(6, 1000, 0, 3), dtype=float32)}
[optimize] iteration 6
info: {'qpos_dist_max': np.float32(nan), 'qpos_dist_min': np.float32(nan), 'qpos_dist_median': np.float32(nan), 'qpos_dist_mean': np.float32(nan), 'qvel_dist_max': np.float32(nan), 'qvel_dist_min': np.float32(nan), 'qvel_dist_median': np.float32(nan), 'qvel_dist_mean': np.float32(nan), 'qpos_rew_max': np.float32(nan), 'qpos_rew_min': np.float32(nan), 'qpos_rew_median': np.float32(nan), 'qpos_rew_mean': np.float32(nan), 'qvel_rew_max': np.float32(nan), 'qvel_rew_min': np.float32(nan), 'qvel_rew_median': np.float32(nan), 'qvel_rew_mean': np.float32(nan), 'improvement': np.float32(nan), 'rew_max': np.float32(nan), 'rew_min': np.float32(nan), 'rew_median': np.float32(nan), 'rew_mean': np.float32(nan), 'trace_sample': array([], shape=(6, 1000, 0, 3), dtype=float32)}
[optimize] iteration 7
info: {'qpos_dist_max': np.float32(nan), 'qpos_dist_min': np.float32(nan), 'qpos_dist_median': np.float32(nan), 'qpos_dist_mean': np.float32(nan), 'qvel_dist_max': np.float32(nan), 'qvel_dist_min': np.float32(nan), 'qvel_dist_median': np.float32(nan), 'qvel_dist_mean': np.float32(nan), 'qpos_rew_max': np.float32(nan), 'qpos_rew_min': np.float32(nan), 'qpos_rew_median': np.float32(nan), 'qpos_rew_mean': np.float32(nan), 'qvel_rew_max': np.float32(nan), 'qvel_rew_min': np.float32(nan), 'qvel_rew_median': np.float32(nan), 'qvel_rew_mean': np.float32(nan), 'improvement': np.float32(nan), 'rew_max': np.float32(nan), 'rew_min': np.float32(nan), 'rew_median': np.float32(nan), 'rew_mean': np.float32(nan), 'trace_sample': array([], shape=(6, 1000, 0, 3), dtype=float32)}
Finished optimizing
Realtime rate: 0.00, plan time: 84.4505s, sim_steps: 2400/2670, opt_steps: 8[optimize] iteration 0
info: {'qpos_dist_max': np.float32(nan), 'qpos_dist_min': np.float32(nan), 'qpos_dist_median': np.float32(nan), 'qpos_dist_mean': np.float32(nan), 'qvel_dist_max': np.float32(nan), 'qvel_dist_min': np.float32(nan), 'qvel_dist_median': np.float32(nan), 'qvel_dist_mean': np.float32(nan), 'qpos_rew_max': np.float32(nan), 'qpos_rew_min': np.float32(nan), 'qpos_rew_median': np.float32(nan), 'qpos_rew_mean': np.float32(nan), 'qvel_rew_max': np.float32(nan), 'qvel_rew_min': np.float32(nan), 'qvel_rew_median': np.float32(nan), 'qvel_rew_mean': np.float32(nan), 'improvement': np.float32(nan), 'rew_max': np.float32(nan), 'rew_min': np.float32(nan), 'rew_median': np.float32(nan), 'rew_mean': np.float32(nan), 'trace_sample': array([], shape=(6, 1000, 0, 3), dtype=float32)}
[optimize] iteration 1
info: {'qpos_dist_max': np.float32(nan), 'qpos_dist_min': np.float32(nan), 'qpos_dist_median': np.float32(nan), 'qpos_dist_mean': np.float32(nan), 'qvel_dist_max': np.float32(nan), 'qvel_dist_min': np.float32(nan), 'qvel_dist_median': np.float32(nan), 'qvel_dist_mean': np.float32(nan), 'qpos_rew_max': np.float32(nan), 'qpos_rew_min': np.float32(nan), 'qpos_rew_median': np.float32(nan), 'qpos_rew_mean': np.float32(nan), 'qvel_rew_max': np.float32(nan), 'qvel_rew_min': np.float32(nan), 'qvel_rew_median': np.float32(nan), 'qvel_rew_mean': np.float32(nan), 'improvement': np.float32(nan), 'rew_max': np.float32(nan), 'rew_min': np.float32(nan), 'rew_median': np.float32(nan), 'rew_mean': np.float32(nan), 'trace_sample': array([], shape=(6, 1000, 0, 3), dtype=float32)}
[optimize] iteration 2
info: {'qpos_dist_max': np.float32(nan), 'qpos_dist_min': np.float32(nan), 'qpos_dist_median': np.float32(nan), 'qpos_dist_mean': np.float32(nan), 'qvel_dist_max': np.float32(nan), 'qvel_dist_min': np.float32(nan), 'qvel_dist_median': np.float32(nan), 'qvel_dist_mean': np.float32(nan), 'qpos_rew_max': np.float32(nan), 'qpos_rew_min': np.float32(nan), 'qpos_rew_median': np.float32(nan), 'qpos_rew_mean': np.float32(nan), 'qvel_rew_max': np.float32(nan), 'qvel_rew_min': np.float32(nan), 'qvel_rew_median': np.float32(nan), 'qvel_rew_mean': np.float32(nan), 'improvement': np.float32(nan), 'rew_max': np.float32(nan), 'rew_min': np.float32(nan), 'rew_median': np.float32(nan), 'rew_mean': np.float32(nan), 'trace_sample': array([], shape=(6, 1000, 0, 3), dtype=float32)}
[optimize] iteration 3
info: {'qpos_dist_max': np.float32(nan), 'qpos_dist_min': np.float32(nan), 'qpos_dist_median': np.float32(nan), 'qpos_dist_mean': np.float32(nan), 'qvel_dist_max': np.float32(nan), 'qvel_dist_min': np.float32(nan), 'qvel_dist_median': np.float32(nan), 'qvel_dist_mean': np.float32(nan), 'qpos_rew_max': np.float32(nan), 'qpos_rew_min': np.float32(nan), 'qpos_rew_median': np.float32(nan), 'qpos_rew_mean': np.float32(nan), 'qvel_rew_max': np.float32(nan), 'qvel_rew_min': np.float32(nan), 'qvel_rew_median': np.float32(nan), 'qvel_rew_mean': np.float32(nan), 'improvement': np.float32(nan), 'rew_max': np.float32(nan), 'rew_min': np.float32(nan), 'rew_median': np.float32(nan), 'rew_mean': np.float32(nan), 'trace_sample': array([], shape=(6, 1000, 0, 3), dtype=float32)}
[optimize] iteration 4
info: {'qpos_dist_max': np.float32(nan), 'qpos_dist_min': np.float32(nan), 'qpos_dist_median': np.float32(nan), 'qpos_dist_mean': np.float32(nan), 'qvel_dist_max': np.float32(nan), 'qvel_dist_min': np.float32(nan), 'qvel_dist_median': np.float32(nan), 'qvel_dist_mean': np.float32(nan), 'qpos_rew_max': np.float32(nan), 'qpos_rew_min': np.float32(nan), 'qpos_rew_median': np.float32(nan), 'qpos_rew_mean': np.float32(nan), 'qvel_rew_max': np.float32(nan), 'qvel_rew_min': np.float32(nan), 'qvel_rew_median': np.float32(nan), 'qvel_rew_mean': np.float32(nan), 'improvement': np.float32(nan), 'rew_max': np.float32(nan), 'rew_min': np.float32(nan), 'rew_median': np.float32(nan), 'rew_mean': np.float32(nan), 'trace_sample': array([], shape=(6, 1000, 0, 3), dtype=float32)}
[optimize] iteration 5
info: {'qpos_dist_max': np.float32(nan), 'qpos_dist_min': np.float32(nan), 'qpos_dist_median': np.float32(nan), 'qpos_dist_mean': np.float32(nan), 'qvel_dist_max': np.float32(nan), 'qvel_dist_min': np.float32(nan), 'qvel_dist_median': np.float32(nan), 'qvel_dist_mean': np.float32(nan), 'qpos_rew_max': np.float32(nan), 'qpos_rew_min': np.float32(nan), 'qpos_rew_median': np.float32(nan), 'qpos_rew_mean': np.float32(nan), 'qvel_rew_max': np.float32(nan), 'qvel_rew_min': np.float32(nan), 'qvel_rew_median': np.float32(nan), 'qvel_rew_mean': np.float32(nan), 'improvement': np.float32(nan), 'rew_max': np.float32(nan), 'rew_min': np.float32(nan), 'rew_median': np.float32(nan), 'rew_mean': np.float32(nan), 'trace_sample': array([], shape=(6, 1000, 0, 3), dtype=float32)}
[optimize] iteration 6
info: {'qpos_dist_max': np.float32(nan), 'qpos_dist_min': np.float32(nan), 'qpos_dist_median': np.float32(nan), 'qpos_dist_mean': np.float32(nan), 'qvel_dist_max': np.float32(nan), 'qvel_dist_min': np.float32(nan), 'qvel_dist_median': np.float32(nan), 'qvel_dist_mean': np.float32(nan), 'qpos_rew_max': np.float32(nan), 'qpos_rew_min': np.float32(nan), 'qpos_rew_median': np.float32(nan), 'qpos_rew_mean': np.float32(nan), 'qvel_rew_max': np.float32(nan), 'qvel_rew_min': np.float32(nan), 'qvel_rew_median': np.float32(nan), 'qvel_rew_mean': np.float32(nan), 'improvement': np.float32(nan), 'rew_max': np.float32(nan), 'rew_min': np.float32(nan), 'rew_median': np.float32(nan), 'rew_mean': np.float32(nan), 'trace_sample': array([], shape=(6, 1000, 0, 3), dtype=float32)}
[optimize] iteration 7
info: {'qpos_dist_max': np.float32(nan), 'qpos_dist_min': np.float32(nan), 'qpos_dist_median': np.float32(nan), 'qpos_dist_mean': np.float32(nan), 'qvel_dist_max': np.float32(nan), 'qvel_dist_min': np.float32(nan), 'qvel_dist_median': np.float32(nan), 'qvel_dist_mean': np.float32(nan), 'qpos_rew_max': np.float32(nan), 'qpos_rew_min': np.float32(nan), 'qpos_rew_median': np.float32(nan), 'qpos_rew_mean': np.float32(nan), 'qvel_rew_max': np.float32(nan), 'qvel_rew_min': np.float32(nan), 'qvel_rew_median': np.float32(nan), 'qvel_rew_mean': np.float32(nan), 'improvement': np.float32(nan), 'rew_max': np.float32(nan), 'rew_min': np.float32(nan), 'rew_median': np.float32(nan), 'rew_mean': np.float32(nan), 'trace_sample': array([], shape=(6, 1000, 0, 3), dtype=float32)}
Finished optimizing
Realtime rate: 0.00, plan time: 87.1757s, sim_steps: 2600/2670, opt_steps: 8[optimize] iteration 0
info: {'qpos_dist_max': np.float32(nan), 'qpos_dist_min': np.float32(nan), 'qpos_dist_median': np.float32(nan), 'qpos_dist_mean': np.float32(nan), 'qvel_dist_max': np.float32(nan), 'qvel_dist_min': np.float32(nan), 'qvel_dist_median': np.float32(nan), 'qvel_dist_mean': np.float32(nan), 'qpos_rew_max': np.float32(nan), 'qpos_rew_min': np.float32(nan), 'qpos_rew_median': np.float32(nan), 'qpos_rew_mean': np.float32(nan), 'qvel_rew_max': np.float32(nan), 'qvel_rew_min': np.float32(nan), 'qvel_rew_median': np.float32(nan), 'qvel_rew_mean': np.float32(nan), 'improvement': np.float32(nan), 'rew_max': np.float32(nan), 'rew_min': np.float32(nan), 'rew_median': np.float32(nan), 'rew_mean': np.float32(nan), 'trace_sample': array([], shape=(6, 1000, 0, 3), dtype=float32)}
[optimize] iteration 1
info: {'qpos_dist_max': np.float32(nan), 'qpos_dist_min': np.float32(nan), 'qpos_dist_median': np.float32(nan), 'qpos_dist_mean': np.float32(nan), 'qvel_dist_max': np.float32(nan), 'qvel_dist_min': np.float32(nan), 'qvel_dist_median': np.float32(nan), 'qvel_dist_mean': np.float32(nan), 'qpos_rew_max': np.float32(nan), 'qpos_rew_min': np.float32(nan), 'qpos_rew_median': np.float32(nan), 'qpos_rew_mean': np.float32(nan), 'qvel_rew_max': np.float32(nan), 'qvel_rew_min': np.float32(nan), 'qvel_rew_median': np.float32(nan), 'qvel_rew_mean': np.float32(nan), 'improvement': np.float32(nan), 'rew_max': np.float32(nan), 'rew_min': np.float32(nan), 'rew_median': np.float32(nan), 'rew_mean': np.float32(nan), 'trace_sample': array([], shape=(6, 1000, 0, 3), dtype=float32)}
[optimize] iteration 2
info: {'qpos_dist_max': np.float32(nan), 'qpos_dist_min': np.float32(nan), 'qpos_dist_median': np.float32(nan), 'qpos_dist_mean': np.float32(nan), 'qvel_dist_max': np.float32(nan), 'qvel_dist_min': np.float32(nan), 'qvel_dist_median': np.float32(nan), 'qvel_dist_mean': np.float32(nan), 'qpos_rew_max': np.float32(nan), 'qpos_rew_min': np.float32(nan), 'qpos_rew_median': np.float32(nan), 'qpos_rew_mean': np.float32(nan), 'qvel_rew_max': np.float32(nan), 'qvel_rew_min': np.float32(nan), 'qvel_rew_median': np.float32(nan), 'qvel_rew_mean': np.float32(nan), 'improvement': np.float32(nan), 'rew_max': np.float32(nan), 'rew_min': np.float32(nan), 'rew_median': np.float32(nan), 'rew_mean': np.float32(nan), 'trace_sample': array([], shape=(6, 1000, 0, 3), dtype=float32)}
[optimize] iteration 3
info: {'qpos_dist_max': np.float32(nan), 'qpos_dist_min': np.float32(nan), 'qpos_dist_median': np.float32(nan), 'qpos_dist_mean': np.float32(nan), 'qvel_dist_max': np.float32(nan), 'qvel_dist_min': np.float32(nan), 'qvel_dist_median': np.float32(nan), 'qvel_dist_mean': np.float32(nan), 'qpos_rew_max': np.float32(nan), 'qpos_rew_min': np.float32(nan), 'qpos_rew_median': np.float32(nan), 'qpos_rew_mean': np.float32(nan), 'qvel_rew_max': np.float32(nan), 'qvel_rew_min': np.float32(nan), 'qvel_rew_median': np.float32(nan), 'qvel_rew_mean': np.float32(nan), 'improvement': np.float32(nan), 'rew_max': np.float32(nan), 'rew_min': np.float32(nan), 'rew_median': np.float32(nan), 'rew_mean': np.float32(nan), 'trace_sample': array([], shape=(6, 1000, 0, 3), dtype=float32)}
[optimize] iteration 4
info: {'qpos_dist_max': np.float32(nan), 'qpos_dist_min': np.float32(nan), 'qpos_dist_median': np.float32(nan), 'qpos_dist_mean': np.float32(nan), 'qvel_dist_max': np.float32(nan), 'qvel_dist_min': np.float32(nan), 'qvel_dist_median': np.float32(nan), 'qvel_dist_mean': np.float32(nan), 'qpos_rew_max': np.float32(nan), 'qpos_rew_min': np.float32(nan), 'qpos_rew_median': np.float32(nan), 'qpos_rew_mean': np.float32(nan), 'qvel_rew_max': np.float32(nan), 'qvel_rew_min': np.float32(nan), 'qvel_rew_median': np.float32(nan), 'qvel_rew_mean': np.float32(nan), 'improvement': np.float32(nan), 'rew_max': np.float32(nan), 'rew_min': np.float32(nan), 'rew_median': np.float32(nan), 'rew_mean': np.float32(nan), 'trace_sample': array([], shape=(6, 1000, 0, 3), dtype=float32)}
[optimize] iteration 5
info: {'qpos_dist_max': np.float32(nan), 'qpos_dist_min': np.float32(nan), 'qpos_dist_median': np.float32(nan), 'qpos_dist_mean': np.float32(nan), 'qvel_dist_max': np.float32(nan), 'qvel_dist_min': np.float32(nan), 'qvel_dist_median': np.float32(nan), 'qvel_dist_mean': np.float32(nan), 'qpos_rew_max': np.float32(nan), 'qpos_rew_min': np.float32(nan), 'qpos_rew_median': np.float32(nan), 'qpos_rew_mean': np.float32(nan), 'qvel_rew_max': np.float32(nan), 'qvel_rew_min': np.float32(nan), 'qvel_rew_median': np.float32(nan), 'qvel_rew_mean': np.float32(nan), 'improvement': np.float32(nan), 'rew_max': np.float32(nan), 'rew_min': np.float32(nan), 'rew_median': np.float32(nan), 'rew_mean': np.float32(nan), 'trace_sample': array([], shape=(6, 1000, 0, 3), dtype=float32)}
[optimize] iteration 6
info: {'qpos_dist_max': np.float32(nan), 'qpos_dist_min': np.float32(nan), 'qpos_dist_median': np.float32(nan), 'qpos_dist_mean': np.float32(nan), 'qvel_dist_max': np.float32(nan), 'qvel_dist_min': np.float32(nan), 'qvel_dist_median': np.float32(nan), 'qvel_dist_mean': np.float32(nan), 'qpos_rew_max': np.float32(nan), 'qpos_rew_min': np.float32(nan), 'qpos_rew_median': np.float32(nan), 'qpos_rew_mean': np.float32(nan), 'qvel_rew_max': np.float32(nan), 'qvel_rew_min': np.float32(nan), 'qvel_rew_median': np.float32(nan), 'qvel_rew_mean': np.float32(nan), 'improvement': np.float32(nan), 'rew_max': np.float32(nan), 'rew_min': np.float32(nan), 'rew_median': np.float32(nan), 'rew_mean': np.float32(nan), 'trace_sample': array([], shape=(6, 1000, 0, 3), dtype=float32)}
[optimize] iteration 7
info: {'qpos_dist_max': np.float32(nan), 'qpos_dist_min': np.float32(nan), 'qpos_dist_median': np.float32(nan), 'qpos_dist_mean': np.float32(nan), 'qvel_dist_max': np.float32(nan), 'qvel_dist_min': np.float32(nan), 'qvel_dist_median': np.float32(nan), 'qvel_dist_mean': np.float32(nan), 'qpos_rew_max': np.float32(nan), 'qpos_rew_min': np.float32(nan), 'qpos_rew_median': np.float32(nan), 'qpos_rew_mean': np.float32(nan), 'qvel_rew_max': np.float32(nan), 'qvel_rew_min': np.float32(nan), 'qvel_rew_median': np.float32(nan), 'qvel_rew_mean': np.float32(nan), 'improvement': np.float32(nan), 'rew_max': np.float32(nan), 'rew_min': np.float32(nan), 'rew_median': np.float32(nan), 'rew_mean': np.float32(nan), 'trace_sample': array([], shape=(6, 1000, 0, 3), dtype=float32)}
Finished optimizing
Realtime rate: 0.00, plan time: 89.0145s, sim_steps: 2800/2670, opt_steps: 8Total time: 1332.7557s
